Date,portfolio_return
2019-01-03,-0.05596161345050277
2019-01-04,0.04898801860500024
2019-01-07,0.017784993573377258
2019-01-08,0.009125572577967977
2019-01-09,0.013668519236901266
2019-01-10,0.005259915786218464
2019-01-11,-0.0036594815980011868
2019-01-14,-0.019740928457482505
2019-01-15,0.026374248543715062
2019-01-16,0.006816889179981873
2019-01-17,0.0055609545233161
2019-01-18,-0.03613239271887558
2019-01-22,-0.017532276181208672
2019-01-23,-0.008010912801149036
2019-01-24,0.0002867942912379382
2019-01-25,0.020505307137138013
2019-01-28,-0.010456283081506663
2019-01-29,-0.008936400917465724
2019-01-30,0.04653492895137537
2019-01-31,-0.005493655410057381
2019-02-01,0.0004593902985171221
2019-02-04,0.019792428343012574
2019-02-05,0.019417645528221707
2019-02-06,-0.0079269792190797
2019-02-07,-0.01895416529813117
2019-02-08,-0.00013763488997538742
2019-02-11,0.004361122592802598
2019-02-12,0.007092561168675293
2019-02-13,-0.00552446120289903
2019-02-14,-0.0032579889810268785
2019-02-15,0.007820440442107241
2019-02-19,-0.0016139899102294666
2019-02-20,-0.0028107469343188196
2019-02-21,-0.007392653957549178
2019-02-22,0.012458447895552355
2019-02-25,0.008838732914175177
2019-02-26,0.001494686508068018
2019-02-27,0.01937442965825357
2019-02-28,0.0017530167548444795
2019-03-01,-0.021180719146707903
2019-03-04,-0.009730654948658842
2019-03-05,-0.012629381568829904
2019-03-06,-0.0021643204713517696
2019-03-07,-0.007460164993265443
2019-03-08,0.010249433403710132
2019-03-11,0.026541107001679443
2019-03-12,-0.002617674546124123
2019-03-13,0.010674626978026902
2019-03-14,0.005132004215407196
2019-03-15,-0.008584533395214623
2019-03-18,0.0010197539183151756
2019-03-19,-0.004909853555010316
2019-03-20,0.010186625813990841
2019-03-21,0.020448860404968183
2019-03-22,-0.027244961108802552
2019-03-25,-0.007432497138670668
2019-03-26,0.0066119534478411195
2019-03-27,0.008623129361484497
2019-03-28,0.0054910296381796
2019-03-29,0.006459797106426413
2019-04-01,0.01645001674405629
2019-04-02,0.0015390841705272083
2019-04-03,0.011402701024860813
2019-04-04,-0.028603694527183362
2019-04-05,0.01269483819080408
2019-04-08,0.0032490770416500427
2019-04-09,-0.003941029938663261
2019-04-10,0.009009581123587962
2019-04-11,-0.011617579438550794
2019-04-12,0.0006507339368068132
2019-04-15,-0.0007638258515110241
2019-04-16,0.008028988569679521
2019-04-17,0.006670480330430384
2019-04-18,0.008000656019730249
2019-04-22,-0.010655638325894518
2019-04-23,0.010869561880950968
2019-04-24,-0.00831334112643404
2019-04-25,-0.006282218782586576
2019-04-26,-0.016416192691264115
2019-04-29,0.009152024293391495
2019-04-30,-0.008053504423938188
2019-05-01,0.0028371908548040867
2019-05-02,0.0078673018813199
2019-05-03,0.026117575488521595
2019-05-06,-0.0066796279877844675
2019-05-07,-0.02656068248496764
2019-05-08,-0.0029766254457227097
2019-05-09,-0.007464183992271037
2019-05-10,-0.003783762120588322
2019-05-13,-0.04668564053174743
2019-05-14,0.016846689163537633
2019-05-15,0.008166593922618166
2019-05-16,0.0009758666933204303
2019-05-17,-0.029382999983320796
2019-05-20,-0.02419935103338929
2019-05-21,0.007709726203573131
2019-05-22,-0.02484916005837345
2019-05-23,-0.004778831036643634
2019-05-24,-0.009447756087213708
2019-05-28,-0.004899632325463013
2019-05-29,-0.0027310278738619242
2019-05-30,0.0009474058440696416
2019-05-31,-0.0169081949778808
2019-06-03,-0.02490802363027274
2019-06-04,0.04867817878762455
2019-06-05,0.017812706862255778
2019-06-06,0.025984297880126645
2019-06-07,0.015850925468156068
2019-06-10,0.020955201955085156
2019-06-11,0.00918014886151001
2019-06-12,-0.01458584811286249
2019-06-13,0.009409660350290597
2019-06-14,-0.0005058918374386174
2019-06-17,0.018675033549823656
2019-06-18,0.013214140458073823
2019-06-19,0.0028567669273134406
2019-06-20,-0.004224654055035137
2019-06-21,0.0023004046031048038
2019-06-24,0.00428748065084017
2019-06-25,-0.021340391619978544
2019-06-26,0.007743878470128547
2019-06-27,0.005834491356984439
2019-06-28,-0.00254381072487031
2019-07-01,0.01591125345310066
2019-07-02,0.0003039551129625879
2019-07-03,0.02025925085804673
2019-07-05,-0.0038023588742850016
2019-07-08,-0.01108824880296666
2019-07-09,0.0004324112104350242
2019-07-10,0.01950262399920947
2019-07-11,-0.001504352761820778
2019-07-12,0.012806447824882234
2019-07-15,0.014600850189303053
2019-07-16,-0.006997043855680266
2019-07-17,-0.0005322352277129516
2019-07-18,0.002391184474296389
2019-07-19,0.0016058176373202988
2019-07-22,0.008796425337621188
2019-07-23,0.01055735430654366
2019-07-24,0.009132150661289584
2019-07-25,-0.049249716283217386
2019-07-26,0.0027758079505733426
2019-07-29,0.013686887675231555
2019-07-30,0.006125943506039974
2019-07-31,-0.0037424270415757537
2019-08-01,-0.013626209524131884
2019-08-02,-0.009131286845925271
2019-08-05,-0.037437235566113225
2019-08-06,0.016138938150588682
2019-08-07,0.008767554218461315
2019-08-08,0.023218654433651155
2019-08-09,-0.010207240368760712
2019-08-12,-0.013969626728859114
2019-08-13,0.029714288247706607
2019-08-14,-0.041739487425746694
2019-08-15,-0.008456208589830686
2019-08-16,0.02058653522722135
2019-08-19,0.022233466203991654
2019-08-20,-0.004202236459641906
2019-08-21,-3.287698645907701e-05
2019-08-22,-0.0007542151969829694
2019-08-23,-0.04212721923575791
2019-08-26,0.017163996386036752
2019-08-27,-0.004444636117831487
2019-08-28,0.004101790742230864
2019-08-29,0.0214145513551649
2019-08-30,0.004795085260629994
2019-09-03,-0.010185072490651923
2019-09-04,0.0031585705730459886
2019-09-05,0.02586482386003556
2019-09-06,-0.005423404679527103
2019-09-09,0.003963553793264888
2019-09-10,0.005853776859026734
2019-09-11,0.02707613451185812
2019-09-12,0.0009909198554146255
2019-09-13,-0.00785427333298357
2019-09-16,-0.003913363638558912
2019-09-17,0.006557688747493257
2019-09-18,0.004081836970271646
2019-09-19,0.00775687352231802
2019-09-20,-0.01684106365344773
2019-09-23,0.001602611602990689
2019-09-24,-0.030681240231025475
2019-09-25,0.018155465009878597
2019-09-26,0.01887338003405914
2019-09-27,-0.006539180559161029
2019-09-30,0.00925125770773431
2019-10-01,0.0015258295803826085
2019-10-02,-0.016402484518430367
2019-10-03,-0.006919439763318473
2019-10-04,0.011522387055747152
2019-10-07,0.00670957299632054
2019-10-08,-0.004103214852831346
2019-10-09,0.01637616150640449
2019-10-10,0.006877262732558619
2019-10-11,0.01454233937331343
2019-10-14,0.011398593095619561
2019-10-15,0.005255794558755467
2019-10-16,-0.0016515083711660843
2019-10-17,0.002424655056183167
2019-10-18,-0.010242903771732018
2019-10-21,0.003779578150908902
2019-10-22,-0.0029849160816605895
2019-10-23,0.00542381925433133
2019-10-24,0.06604867781847197
2019-10-25,0.037620615911570766
2019-10-28,0.011078163955275831
2019-10-29,-0.022509887416398845
2019-10-30,0.002818707072166248
2019-10-31,0.004580973301537505
2019-11-01,0.008534674428357833
2019-11-04,0.00856228449439822
2019-11-05,-0.0009628641133853828
2019-11-06,0.009064336509451857
2019-11-07,0.013483136286287944
2019-11-08,0.006435279329437252
2019-11-11,0.010833740331103478
2019-11-12,0.006534334855733588
2019-11-13,0.00012905339976236087
2019-11-14,0.002509268724554851
2019-11-15,0.010920165370744767
2019-11-18,0.00047791801677969214
2019-11-19,0.008150690419310156
2019-11-20,-0.011202268040895896
2019-11-21,0.0006360252348251254
2019-11-22,-0.020507268862295775
2019-11-25,0.012834414401211209
2019-11-26,-0.008221615135083571
2019-11-27,0.007269970118515637
2019-11-29,-0.0038676792811584235
2019-12-02,-0.0029404960460895904
2019-12-03,-0.005162790936858674
2019-12-04,0.001006424049330601
2019-12-05,0.002399001027285963
2019-12-06,0.01605653771776046
2019-12-09,-0.0018656913980931904
2019-12-10,0.010569889826073578
2019-12-11,0.00777870126618955
2019-12-12,0.0107867255749583
2019-12-13,0.006186305661643687
2019-12-16,0.029401868118861543
2019-12-17,-0.0033892305504948923
2019-12-18,0.01096657009243007
2019-12-19,0.012495522402974283
2019-12-20,0.004156291401402576
2019-12-23,0.01664004019086603
2019-12-24,0.005034090384189079
2019-12-26,0.01386532259544763
2019-12-27,3.304362187047294e-05
2019-12-30,-0.013068860147141665
2019-12-31,0.005583108530387163
2020-01-02,0.02327763664705936
2020-01-03,0.0025531299499587847
2020-01-06,0.00991640846526572
2020-01-07,0.008296350664285912
2020-01-08,0.027136758881428486
2020-01-09,0.0038823606069868406
2020-01-10,-0.0030332411510396082
2020-01-13,0.043765876066472975
2020-01-14,0.0013860763987535068
2020-01-15,-0.011254763779745101
2020-01-16,0.007030954656241484
2020-01-17,0.003635641356821262
2020-01-21,0.020501624530045746
2020-01-22,0.013167845040414572
2020-01-23,0.005245381384176554
2020-01-24,-0.008680685728279586
2020-01-27,-0.01935269086600973
2020-01-28,0.021265426889925942
2020-01-29,0.020469509571129658
2020-01-30,0.04324584142310728
2020-01-31,-0.014613366294047598
2020-02-03,0.07353729594256948
2020-02-04,0.06772235757320111
2020-02-05,-0.054963610343686756
2020-02-06,0.01726705684267878
2020-02-07,-0.004451152029674906
2020-02-10,0.020677320256426174
2020-02-11,-0.008178289957666339
2020-02-12,0.005342475977481534
2020-02-13,0.011727881030566729
2020-02-14,0.0014645937878369577
2020-02-18,0.021539646815643684
2020-02-19,0.028750026601974746
2020-02-20,-0.015008741542829902
2020-02-21,-0.017528740958751454
2020-02-24,-0.055040823894311086
2020-02-25,-0.03035829166159698
2020-02-26,0.0006479863545815583
2020-02-27,-0.08796865774931198
2020-02-28,0.002446788762474358
2020-03-02,0.09093961774278184
2020-03-03,-0.025732219575546535
2020-03-04,0.02953411522038622
2020-03-05,-0.030285272697321692
2020-03-06,-0.02354021277315247
2020-03-09,-0.09418441086524527
2020-03-10,0.06723992292629462
2020-03-11,-0.03238926435254881
2020-03-12,-0.10325296675365743
2020-03-13,0.079042987891818
2020-03-16,-0.15395151703246385
2020-03-17,0.031010608112246617
2020-03-18,-0.07565853187463696
2020-03-19,0.06416811367906608
2020-03-20,-0.033728935806007256
2020-03-23,-0.005141737551872786
2020-03-24,0.11798594834405314
2020-03-25,0.01762972131231444
2020-03-26,0.03148389198419591
2020-03-27,-0.03616163464989004
2020-03-30,0.024983230234518244
2020-03-31,0.008621677309317621
2020-04-01,-0.05637701742800405
2020-04-02,-0.0062381901098719945
2020-04-03,0.010851430134340458
2020-04-06,0.0789955625896345
2020-04-07,0.011474290918322713
2020-04-08,0.013860726469385149
2020-04-09,0.017109264247297862
2020-04-13,0.05264410226066592
2020-04-14,0.06353859659729891
2020-04-15,0.0028393599243464367
2020-04-16,0.019681349939264292
2020-04-17,0.00226904747502595
2020-04-20,-0.01687280907632386
2020-04-21,-0.05069539544684302
2020-04-22,0.042926731460077784
2020-04-23,-0.017353047740700157
2020-04-24,0.024956179608046858
2020-04-27,0.03309956621293253
2020-04-28,-0.025917454420867125
2020-04-29,0.03954419678645641
2020-04-30,0.002603012117816439
2020-05-01,-0.048332484024927916
2020-05-04,0.041309165107365375
2020-05-05,0.011678020433307715
2020-05-06,0.012952033907193941
2020-05-07,0.0042809414343985
2020-05-08,0.026745924274604944
2020-05-11,0.005615029465776965
2020-05-12,-0.012124829223892094
2020-05-13,-0.016633925328610556
2020-05-14,0.00869438041714976
2020-05-15,0.0011350294018946197
2020-05-18,0.017120504570585483
2020-05-19,-0.006569343310518838
2020-05-20,0.014236793704410628
2020-05-21,-0.0015761966397835146
2020-05-22,-0.0020107752591019086
2020-05-26,-0.005007801956710688
2020-05-27,0.002473981977393569
2020-05-28,-0.0064455094084438684
2020-05-29,0.01512457916714301
2020-06-01,0.028508794843082365
2020-06-02,-0.0007787098760839344
2020-06-03,0.003173936717718891
2020-06-04,-0.01429114009662095
2020-06-05,0.025507998151837942
2020-06-08,0.02823248052128931
2020-06-09,0.00982717601506089
2020-06-10,0.05084170339480135
2020-06-11,-0.05090750093963865
2020-06-12,-0.007338550391519167
2020-06-15,0.026085901598026075
2020-06-16,0.01405722265291694
2020-06-17,0.003953086001317866
2020-06-18,0.007800807674229452
2020-06-19,-0.004936089781958993
2020-06-22,0.015809909539954276
2020-06-23,0.011858652777671914
2020-06-24,-0.02624461974875273
2020-06-25,0.017360539343919346
2020-06-26,-0.025765185224605244
2020-06-29,0.02847646001870241
2020-06-30,0.034537799636382926
2020-07-01,0.013633980636940397
2020-07-02,0.029043191665056495
2020-07-06,0.06103411678300633
2020-07-07,-0.00046809306485114544
2020-07-08,0.009355994660598924
2020-07-09,0.010423098232343737
2020-07-10,0.03575394445123684
2020-07-13,-0.022063022576416753
2020-07-14,0.011957534938500528
2020-07-15,0.008217517123291513
2020-07-16,-0.02051352780283422
2020-07-17,-0.002283230328756991
2020-07-20,0.05292534787918897
2020-07-21,-0.024273782809412836
2020-07-22,0.010869475900944076
2020-07-23,-0.046287966171864516
2020-07-24,-0.024030193785357756
2020-07-27,0.040935406045371193
2020-07-28,-0.022093925350728107
2020-07-29,0.014836471825753723
2020-07-30,0.001183015346507665
2020-07-31,0.02404529656465041
2020-08-03,0.03973697238516675
2020-08-04,-0.0023161249874979286
2020-08-05,0.00022447496745473905
2020-08-06,0.018024220319023284
2020-08-07,-0.021841790047053
2020-08-10,-0.009576684700211188
2020-08-11,-0.02808866356163168
2020-08-12,0.06434780861633041
2020-08-13,0.019280114116934678
2020-08-14,0.006114230192315643
2020-08-17,0.03869720298079434
2020-08-18,0.014026087326777237
2020-08-19,-0.0031220819715651604
2020-08-20,0.03705802154981108
2020-08-21,0.022743361699518884
2020-08-24,-0.000776394550446609
2020-08-25,0.003097649299452665
2020-08-26,0.03315303783389845
2020-08-27,0.017429644998239104
2020-08-28,-0.0008402685195086543
2020-08-31,0.04825225592387875
2020-09-01,0.00029877384268683915
2020-09-02,-0.019929462047201363
2020-09-03,-0.07740013986843122
2020-09-04,0.004795575514914681
2020-09-08,-0.11061066870992405
2020-09-09,0.06389395430479752
2020-09-10,-0.01563768414413158
2020-09-11,-0.005336589013354912
2020-09-14,0.05420012518160584
2020-09-15,0.029879851314643213
2020-09-16,-0.02166887739868913
2020-09-17,-0.022621380980216006
2020-09-18,3.778816801503111e-05
2020-09-21,0.01914436573732018
2020-09-22,-0.005418898769798692
2020-09-23,-0.059439398900763996
2020-09-24,0.014224098950760414
2020-09-25,0.0369649196749567
2020-09-28,0.021847246096896145
2020-09-29,-0.007672660900898205
2020-09-30,0.017879325067667207
2020-10-01,0.021121633096282233
2020-10-02,-0.04516857777748621
2020-10-05,0.025484345747283456
2020-10-06,-0.025742795682237807
2020-10-07,0.021036071011887314
2020-10-08,0.0013693764706105653
2020-10-09,0.020453797721987632
2020-10-12,0.03611232733738719
2020-10-13,-0.0033233456749167303
2020-10-14,0.008151648169519892
2020-10-15,-0.012069753771695647
2020-10-16,-0.01150052084378968
2020-10-19,-0.02351684064695547
2020-10-20,-0.0017872382619618472
2020-10-21,-0.0010146323549135397
2020-10-22,-0.0006043738946947359
2020-10-23,-0.004004914714448526
2020-10-26,-0.009730398755177191
2020-10-27,0.013017618945881566
2020-10-28,-0.04658780063409303
2020-10-29,0.019644712281749424
2020-10-30,-0.0408024642661939
2020-11-02,0.010195359508835026
2020-11-03,0.03137102145054308
2020-11-04,0.027320993859875294
2020-11-05,0.036044649448326194
2020-11-06,-0.0059116527391792255
2020-11-09,-0.02136923591392792
2020-11-10,-0.020866646668446544
2020-11-11,0.024363888332245894
2020-11-12,-0.006752168879835355
2020-11-13,-0.0008744332335236897
2020-11-16,0.0036963206083912748
2020-11-17,0.020597917542807303
2020-11-18,0.025769321947810266
2020-11-19,0.012506223524454702
2020-11-20,-0.013274636848700819
2020-11-23,0.01158664486116682
2020-11-24,0.03119076689635314
2020-11-25,0.013700378051485865
2020-11-27,0.010594124736643673
2020-11-30,-0.005111163887517755
2020-12-01,0.02366558365985294
2020-12-02,-0.009389288646570848
2020-12-03,0.012255271454695144
2020-12-04,0.0015074435141743114
2020-12-07,0.02776098073326427
2020-12-08,0.00854831336344149
2020-12-09,-0.0367298590084412
2020-12-10,0.014462164006966944
2020-12-11,-0.007010427585682155
2020-12-14,0.01605572373381225
2020-12-15,0.013140911331323299
2020-12-16,0.0023285135440071682
2020-12-17,0.020286146769722624
2020-12-18,0.013341947550791653
2020-12-21,-0.011439962081540706
2020-12-22,0.006622993897512196
2020-12-23,-0.0037567228044973477
2020-12-24,0.01336569400819328
2020-12-28,0.01619692288090513
2020-12-29,-0.004532995102335957
2020-12-30,0.007952545815656187
2020-12-31,0.0037706174009668834
2021-01-04,-0.00393922305462498
2021-01-05,0.006825748652828478
2021-01-06,-0.01034949446173557
2021-01-07,0.04728033066460561
2021-01-08,0.03108677902800109
2021-01-11,-0.0370487449063324
2021-01-12,0.011330373610131006
2021-01-13,0.009505211590400704
2021-01-14,-0.013814096045351255
2021-01-15,-0.012598385992224995
2021-01-19,0.015171575573212914
2021-01-20,0.025439825791132426
2021-01-21,0.011063751088840095
2021-01-22,0.007419118629188685
2021-01-25,0.02797596150903018
2021-01-26,0.005526401978893868
2021-01-27,-0.00893843078073923
2021-01-28,-0.014049292467675428
2021-01-29,-0.0389399532742003
2021-02-01,0.03598159564244992
2021-02-02,0.01499921643193658
2021-02-03,-0.004655164522528602
2021-02-04,0.005406377120520981
2021-02-05,0.00011771403586161933
2021-02-08,0.00511782150076745
2021-02-09,-0.0057906961705478
2021-02-10,-0.020360185035898686
2021-02-11,0.004494691793602993
2021-02-12,0.0031143571754574197
2021-02-16,-0.01524636525865408
2021-02-17,-0.003641570243189748
2021-02-18,-0.00790323133614527
2021-02-19,-0.006025016394009578
2021-02-22,-0.04737400005783139
2021-02-23,-0.0094207214829272
2021-02-24,0.02104494766086225
2021-02-25,-0.046397467009014925
2021-02-26,0.0024163364733660684
2021-03-01,0.0456641205115568
2021-03-02,-0.026103548394955507
2021-03-03,-0.033267462709106035
2021-03-04,-0.022687901178894146
2021-03-05,-0.0018919235802648728
2021-03-08,-0.03941901642892043
2021-03-09,0.08835020060288133
2021-03-10,-0.007656771595619172
2021-03-11,0.027953419291094475
2021-03-12,-0.007291751045652975
2021-03-15,0.013645413813311115
2021-03-16,-0.006217690185834734
2021-03-17,0.009159372531253021
2021-03-18,-0.04328907818703687
2021-03-19,-0.0011414037548455784
2021-03-22,0.02529845282026777
2021-03-23,-0.003977814105004196
2021-03-24,-0.025651889870393463
2021-03-25,0.002291882215483006
2021-03-26,-0.0036355904354848177
2021-03-29,-0.005251160011135717
2021-03-30,0.004431627210038053
2021-03-31,0.028797637075568705
2021-04-01,0.008516594360876225
2021-04-05,0.03191283009119831
2021-04-06,-0.0005282604572119561
2021-04-07,-0.002796644267960742
2021-04-08,0.017287136960996742
2021-04-09,0.006851196859459119
2021-04-12,0.007949035053136006
2021-04-13,0.04009843136185383
2021-04-14,-0.02280849958736745
2021-04-15,0.014319951993638409
2021-04-16,0.001186964800596065
2021-04-19,-0.012215360144341917
2021-04-20,-0.002836596239630914
2021-04-21,0.015629993267324206
2021-04-22,-0.019219810317953313
2021-04-23,0.015644235464857676
2021-04-26,0.005525341625964778
2021-04-27,-0.015397487079080618
2021-04-28,-0.01629357919322057
2021-04-29,-0.01128012543559431
2021-04-30,0.010480127902144476
2021-05-03,-0.009204646685364989
2021-05-04,-0.022707727904441713
2021-05-05,-0.0024439433137160753
2021-05-06,0.005033352895387569
2021-05-07,0.009838960022004054
2021-05-10,-0.03704942617157362
2021-05-11,-0.010026826304818362
2021-05-12,-0.03284946667621491
2021-05-13,0.0013174654423621836
2021-05-14,0.024143369163871498
2021-05-17,-0.014337633374492675
2021-05-18,-0.00602026966516563
2021-05-19,-0.007911355146653493
2021-05-20,0.025378815096736673
2021-05-21,-0.010019951106212269
2021-05-24,0.026726218159249727
2021-05-25,-0.00023770600877374526
2021-05-26,0.007522987819065907
2021-05-27,-0.0006888139281384653
2021-05-28,-0.004286642606965577
2021-06-01,-0.004625213006223353
2021-06-02,-0.008068832538850304
2021-06-03,-0.02398188048245612
2021-06-04,0.0284859720956457
2021-06-07,0.007451303342791871
2021-06-08,-0.00027809358244982685
2021-06-09,-0.00027046106159896643
2021-06-10,0.008440724736771672
2021-06-11,0.003964860902716638
2021-06-14,0.015035288690321705
2021-06-15,-0.013960978003386876
2021-06-16,0.0030814023374322224
2021-06-17,0.01520964688825758
2021-06-18,-0.0016151527833597372
2021-06-21,0.007509111567690074
2021-06-22,0.009431562122235984
2021-06-23,0.016571042832825622
2021-06-24,0.012866556319292602
2021-06-25,-0.006722548964677573
2021-06-28,0.01717013594801623
2021-06-29,0.0033231291546677775
2021-06-30,0.0004074594481567514
2021-07-01,0.0007215030592620334
2021-07-02,0.014454901099490916
2021-07-06,-0.004581152202192499
2021-07-07,0.001170780837424278
2021-07-08,-0.0018375518969970433
2021-07-09,0.007102709659462691
2021-07-12,0.012421905466357833
2021-07-13,-0.001289321167145122
2021-07-14,0.002272886193611545
2021-07-15,-0.004677042834110042
2021-07-16,-0.008276783753527545
2021-07-19,-0.012370809982379678
2021-07-20,0.018805506583910336
2021-07-21,-0.001856421689708121
2021-07-22,0.005753658963054648
2021-07-23,0.0050698823257787256
2021-07-26,0.007639381666995848
2021-07-27,-0.014358306012769734
2021-07-28,-0.003296262271593778
2021-07-29,0.017493106592867697
2021-07-30,0.003485348635288635
2021-08-02,0.01003305529052445
2021-08-03,0.006920699533969084
2021-08-04,-0.0010717650359632533
2021-08-05,0.005493023727920561
2021-08-06,-0.008911449471884714
2021-08-09,0.005579226285468993
2021-08-10,-0.0050408149410339585
2021-08-11,0.00014529602029785438
2021-08-12,0.017024240428600363
2021-08-13,0.0016294747238004095
2021-08-16,-0.007891495055042719
2021-08-17,-0.013699380059022269
2021-08-18,0.0011163061456493564
2021-08-19,0.0001915023530241573
2021-08-20,0.015228996014009065
2021-08-23,0.016510980383346086
2021-08-24,-0.0013703114861820147
2021-08-25,-0.002219496242632106
2021-08-26,-0.00979253738575984
2021-08-27,0.008229701617540996
2021-08-30,0.023379731281497174
2021-08-31,-0.002501641553013467
2021-09-01,0.0007040467053145798
2021-09-02,0.0009592938896835582
2021-09-03,0.0019190073396089245
2021-09-07,0.012889782733992253
2021-09-08,-0.002923233372189323
2021-09-09,-0.005062576216258533
2021-09-10,-0.020979435295582362
2021-09-13,0.005797994251463286
2021-09-14,0.0005981521570449511
2021-09-15,0.012723985350653999
2021-09-16,0.0004135629664292484
2021-09-17,-0.010841006619500602
2021-09-20,-0.026183343821527982
2021-09-21,0.005922718997568724
2021-09-22,0.015560291190163554
2021-09-23,0.0040913318843425195
2021-09-24,0.009149548414728334
2021-09-27,-0.0019725572744844202
2021-09-28,-0.02584002976942993
2021-09-29,0.004345323134034758
2021-09-30,-0.008043873289923878
2021-10-01,0.011087570464615207
2021-10-04,-0.012375490728363709
2021-10-05,0.010944589404567329
2021-10-06,0.008048624228811807
2021-10-07,0.009646370085857262
2021-10-08,-0.004323603088739654
2021-10-11,0.0018190672336386715
2021-10-12,0.0012403354680392926
2021-10-13,0.0046969278371985865
2021-10-14,0.016991152611001294
2021-10-15,0.014177783489438914
2021-10-18,0.018024344334902333
2021-10-19,0.0037850843647247254
2021-10-20,0.0008266691581634289
2021-10-21,0.014976168917157176
2021-10-22,0.0023645309815617886
2021-10-25,0.04098694051236303
2021-10-26,0.0015738641040581314
2021-10-27,0.019338551658221403
2021-10-28,0.022170738154696203
2021-10-29,0.012829279229714552
2021-11-01,0.024169806518071806
2021-11-02,-0.003907172976677087
2021-11-03,0.01606345413127075
2021-11-04,0.005671491579970711
2021-11-05,-0.0012937134648744646
2021-11-08,-0.017077310523143836
2021-11-09,-0.0401697643916525
2021-11-10,0.002960661367965245
2021-11-11,0.00014104710481033234
2021-11-12,-0.0003266291217209529
2021-11-15,-0.007085838092019828
2021-11-16,0.019232229561177167
2021-11-17,0.016552808938834557
2021-11-18,0.013886702883184832
2021-11-19,0.01981096982899492
2021-11-22,0.003600567410312005
2021-11-23,-0.01510403022452067
2021-11-24,0.003419400093329342
2021-11-26,-0.028846759795064864
2021-11-29,0.031311916332694624
2021-11-30,0.00680596801500007
2021-12-01,-0.016076713214656424
2021-12-02,-0.005810058157252588
2021-12-03,-0.031875673366663415
2021-12-06,0.008517059507764454
2021-12-07,0.03484508202901752
2021-12-08,0.013099291506836641
2021-12-09,-0.02317191165138251
2021-12-10,0.02318045119986374
2021-12-13,-0.02653159939347941
2021-12-14,-0.016274936109102613
2021-12-15,0.021995870029695826
2021-12-16,-0.03954911822691368
2021-12-17,-0.0012784998181328091
2021-12-20,-0.018382406220096643
2021-12-21,0.028364048376167645
2021-12-22,0.03609989722946031
2021-12-23,0.021918580992548842
2021-12-27,0.02380490176130904
2021-12-28,-0.004763187304393068
2021-12-29,0.00014757263750209137
2021-12-30,-0.009620109969623295
2021-12-31,-0.008344986281665356
2022-01-03,0.051881628045723195
2022-01-04,-0.02388179623384275
2022-01-05,-0.03948732617612778
2022-01-06,-0.01538132711531285
2022-01-07,-0.011308166563523476
2022-01-10,0.010397645295331234
2022-01-11,0.008319246299364647
2022-01-12,0.017432305771725755
2022-01-13,-0.04293923388874569
2022-01-14,0.013454058263488925
2022-01-18,-0.020497335273649865
2022-01-19,-0.017527401410869947
2022-01-20,-0.005142207556807721
2022-01-21,-0.027949191363275262
2022-01-24,-0.006152638516061477
2022-01-25,-0.016788763577310923
2022-01-26,0.016219187483619352
2022-01-27,-0.035983891799073686
2022-01-28,0.039527196302979885
2022-01-31,0.04725203813206749
2022-02-01,-0.004654319836311963
2022-02-02,-0.0017307442734893312
2022-02-03,-0.023891096651030397
2022-02-04,0.016658321998569238
2022-02-07,-0.012619156668951304
2022-02-08,0.015532469124410678
2022-02-09,0.0136665549298652
2022-02-10,-0.02712976938511117
2022-02-11,-0.03127052919128233
2022-02-14,0.006539832803639974
2022-02-15,0.031680679803068726
2022-02-16,-0.0005116744179340568
2022-02-17,-0.03383901046668184
2022-02-18,-0.01370154478642982
2022-02-22,-0.019963332351214315
2022-02-23,-0.04056425013451333
2022-02-24,0.03860128338714267
2022-02-25,0.011195397818390665
2022-02-28,0.02712928567320216
2022-03-01,-0.01048948774956541
2022-03-02,0.018780906965189265
2022-03-03,-0.020785134619404157
2022-03-04,-0.01336663506850751
2022-03-07,-0.03389134098937026
2022-03-08,0.0006543948913425579
2022-03-09,0.040926334835947355
2022-03-10,-0.020441551035871308
2022-03-11,-0.03149878964230072
2022-03-14,-0.02531174192383715
2022-03-15,0.03824887694482274
2022-03-16,0.0340266383361983
2022-03-17,0.01552072990225617
2022-03-18,0.025789031650647498
2022-03-21,0.0072461793161475345
2022-03-22,0.038732121135004086
2022-03-23,-0.0005390418151668772
2022-03-24,0.017622059065824924
2022-03-25,-0.0002929610569486483
2022-03-28,0.03617302070779127
2022-03-29,0.013794261331623831
2022-03-30,-0.00554616728372063
2022-03-31,-0.016823885695291953
2022-04-01,0.0027920292949220604
2022-04-04,0.03259011386071534
2022-04-05,-0.026418262146679524
2022-04-06,-0.03224294132487478
2022-04-07,0.006350318864591253
2022-04-08,-0.018862325881903137
2022-04-11,-0.03775156691515983
2022-04-12,0.003855911686972117
2022-04-13,0.02399055497318684
2022-04-14,-0.031206997232482693
2022-04-18,0.006902773291953101
2022-04-19,0.01829737261576077
2022-04-20,-0.01562252438244064
2022-04-21,0.0027135316021374978
2022-04-22,-0.01856745119704339
2022-04-25,0.008059626148604669
2022-04-26,-0.06552673411938773
2022-04-27,0.017480634330117
2022-04-28,0.021092396633570872
2022-04-29,-0.02870150366122263
2022-05-02,0.021320559845613797
2022-05-03,0.0023898248515847875
2022-05-04,0.03926743407031689
2022-05-05,-0.06085805601291994
2022-05-06,-0.004485928027880985
2022-05-09,-0.053621757557902106
2022-05-10,0.017045387906470255
2022-05-11,-0.055860104038187676
2022-05-12,-0.018346849386763082
2022-05-13,0.037212089587151345
2022-05-16,-0.022657414659832065
2022-05-17,0.03238706695749061
2022-05-18,-0.05665431503175703
2022-05-19,-0.00962821426742481
2022-05-20,-0.02156826389584069
2022-05-23,0.029570118034285033
2022-05-24,-0.03079725629559349
2022-05-25,0.02035660839328342
2022-05-26,0.03678022934413209
2022-05-27,0.04723616488605331
2022-05-31,-0.004058492873394511
2022-06-01,-0.007475376302849889
2022-06-02,0.023826884174252973
2022-06-03,-0.04911549663634222
2022-06-06,0.005525106303049624
2022-06-07,0.011369475996161189
2022-06-08,-8.007021239146185e-05
2022-06-09,-0.021893468531347545
2022-06-10,-0.03812982685111255
2022-06-13,-0.05057069167804036
2022-06-14,0.013250959440658978
2022-06-15,0.034890292496348264
2022-06-16,-0.05067189187090655
2022-06-17,0.01321436808522769
2022-06-21,0.050300223443112836
2022-06-22,-0.003420403326793386
2022-06-23,0.013306013023581698
2022-06-24,0.034637569090845734
2022-06-27,-0.004565327064152099
2022-06-28,-0.037194363504704654
2022-06-29,0.0032743576149298903
2022-06-30,-0.01625972293139218
2022-07-01,0.01309624973450248
2022-07-05,0.019023315922622814
2022-07-06,0.0055529317939547376
2022-07-07,0.029172504031485632
2022-07-08,0.009132805344878
2022-07-11,-0.03067135479887676
2022-07-12,-0.013196607796958046
2022-07-13,0.0035868219270748978
2022-07-14,0.010407672469746387
2022-07-15,0.009741514792545924
2022-07-18,-0.009424921154002064
2022-07-19,0.022730810654993716
2022-07-20,0.010702538876177742
2022-07-21,0.04090110992482864
2022-07-22,-0.007688668569561963
2022-07-25,-0.009086794719300812
2022-07-26,-0.02375404634478247
2022-07-27,0.054248314443499604
2022-07-28,0.018077926376061537
2022-07-29,0.035436328507599216
2022-08-01,-0.0051560128214624594
2022-08-02,-0.003206120307741848
2022-08-03,0.02958214075504384
2022-08-04,0.0020879075599428143
2022-08-05,-0.02343039712311523
2022-08-08,-0.0014165996045114961
2022-08-09,-0.005679987608869378
2022-08-10,0.02980044712063375
2022-08-11,-0.012693029940954965
2022-08-12,0.02840299559434456
2022-08-15,0.014212880631209918
2022-08-16,-0.004141565861423261
2022-08-17,-0.0007390254853369971
2022-08-18,-0.0033144991245718605
2022-08-19,-0.016477177984953368
2022-08-22,-0.025055651735651864
2022-08-23,0.0052699161918797754
2022-08-24,0.00054029442671355
2022-08-25,0.007520710506728385
2022-08-26,-0.034413579155937936
2022-08-29,-0.011901879155943946
2022-08-30,-0.016274630348104908
2022-08-31,-0.00795332503494946
2022-09-01,0.0020772654436820304
2022-09-02,-0.018452207137886718
2022-09-06,-0.0012043411289191317
2022-09-07,0.020732004895713658
2022-09-08,0.0038781834128309707
2022-09-09,0.025945312440719032
2022-09-12,0.02087172955563036
2022-09-13,-0.05134672772673258
2022-09-14,0.015450022876377718
2022-09-15,-0.014094906647584652
2022-09-16,-0.004963122113880836
2022-09-19,0.014350697511210948
2022-09-20,0.0020295843948837287
2022-09-21,-0.020123932052310407
2022-09-22,-0.012824420947831353
2022-09-23,-0.024593135686035456
2022-09-26,0.0009185476749586178
2022-09-27,0.009098551127535584
2022-09-28,0.008088941720278003
2022-09-29,-0.04400440608019736
2022-09-30,-0.020152112350513653
2022-10-03,-0.007243925162228864
2022-10-04,0.02949537597885765
2022-10-05,-0.010424565303679226
2022-10-06,-0.009134776564817796
2022-10-07,-0.050270687845356446
2022-10-10,-0.006485639061422447
2022-10-11,-0.018660367646225324
2022-10-12,0.00011164595423858903
2022-10-13,0.03061131028590728
2022-10-14,-0.04398089885279736
2022-10-17,0.04613943511870603
2022-10-18,0.005775177561357332
2022-10-19,0.00023560832346562277
2022-10-20,-0.023713085574867915
2022-10-21,0.028955689607194524
2022-10-24,0.007041975455256569
2022-10-25,0.028658709755671936
2022-10-26,-0.028923590641645545
2022-10-27,-0.01607047022964192
2022-10-28,0.04366608747820252
2022-10-31,-0.011854519801638761
2022-11-01,-0.011114890113338733
2022-11-02,-0.04302258388181057
2022-11-03,-0.022481928713792843
2022-11-04,-0.0016726773310369678
2022-11-07,-0.005638543034378126
2022-11-08,-0.006926412861596676
2022-11-09,-0.04129998456160555
2022-11-10,0.08172862239667378
2022-11-11,0.021265780156840698
2022-11-14,-0.019200664123717716
2022-11-15,0.010592173666507035
2022-11-16,-0.015030046845768955
2022-11-17,-0.0024318235313253913
2022-11-18,-0.004796204304259866
2022-11-21,-0.028872953633561498
2022-11-22,0.013046793345126002
2022-11-23,0.03151807321119682
2022-11-25,-0.0072732862158791925
2022-11-28,-0.0163638014119748
2022-11-29,-0.012829923987749329
2022-11-30,0.06230769102797443
2022-12-01,4.2362822095317275e-05
2022-12-02,-0.0004178740697375153
2022-12-05,-0.030190234476955048
2022-12-06,-0.02002765210853441
2022-12-07,-0.016334681271433116
2022-12-08,0.007029685821596243
2022-12-09,0.00697136167784836
2022-12-12,-0.005810080217007539
2022-12-13,-0.005570677293748161
2022-12-14,-0.013384376957449798
2022-12-15,-0.024407856460033812
2022-12-16,-0.026365995836945946
2022-12-19,-0.011882593397984474
2022-12-20,-0.025147236145328135
2022-12-21,0.01101060791895303
2022-12-22,-0.04604998546161028
2022-12-23,-0.006021837471789156
2022-12-27,-0.04513074199185011
2022-12-28,-0.0026181800978311368
2022-12-29,0.04559468448940958
2022-12-30,0.0029013413464631377
2023-01-03,-0.053611571890932574
2023-01-04,0.005939258203688789
2023-01-05,-0.023090442323505544
2023-01-06,0.024404445633660288
2023-01-09,0.024392219690535507
2023-01-10,0.0014656793836027582
2023-01-11,0.02937499258362656
2023-01-12,0.004594019104774305
2023-01-13,0.0012470312767556648
2023-01-17,0.029237180698281257
2023-01-18,-0.014953836851558303
2023-01-19,-0.009507145316761889
2023-01-20,0.034703192768077276
2023-01-23,0.036912277723981646
2023-01-24,0.0029367608822598403
2023-01-25,-0.002284771177543221
2023-01-26,0.05172924382908994
2023-01-27,0.041449820665932315
2023-01-30,-0.035070236568870906
2023-01-31,0.02312799368425278
2023-02-01,0.025035333802145027
2023-02-02,0.040588538076980665
2023-02-03,0.003286923534366178
2023-02-06,0.0003725518980253941
2023-02-07,0.02393149836434838
2023-02-08,0.000669353434222808
2023-02-09,0.0037947592737142726
2023-02-10,-0.016604736288371003
2023-02-13,0.012870761214600991
2023-02-14,0.024656051232039768
2023-02-15,0.009920128649731831
2023-02-16,-0.03133641063138648
2023-02-17,0.002631857940622484
2023-02-21,-0.03336377833146601
2023-02-22,0.005330030931481248
2023-02-23,0.007424684411876454
2023-02-24,-0.02182649392585778
2023-02-27,0.022210294765608943
2023-02-28,-0.00521631113393021
2023-03-01,-0.01372516301490186
2023-03-02,-0.011583964341858264
2023-03-03,0.02927763127446988
2023-03-06,0.0015347086535895853
2023-03-07,-0.01885187319228428
2023-03-08,-0.007941584096918473
2023-03-09,-0.023414090688106882
2023-03-10,-0.008551220724255551
2023-03-13,0.013568254543245985
2023-03-14,0.030488558138933437
2023-03-15,0.0017047472929934146
2023-03-16,0.02654412663345991
2023-03-17,-0.005165606024074454
2023-03-20,0.0023488716290518043
2023-03-21,0.031946333855045195
2023-03-22,-0.015696770053459964
2023-03-23,0.010760113612612383
2023-03-24,0.0031276440276513102
2023-03-27,-0.006628754073604304
2023-03-28,-0.0072638096774454795
2023-03-29,0.021250850926806786
2023-03-30,0.009912634742090587
2023-03-31,0.030995800300754217
2023-04-03,-0.019064908506037037
2023-04-04,-0.004884462780744503
2023-04-05,-0.019281893360021913
2023-04-06,0.009516395095028366
2023-04-10,-0.008840710971359595
2023-04-11,-0.005967789713845076
2023-04-12,-0.011827713220129987
2023-04-13,0.028731575898939855
2023-04-14,-0.006574243812302537
2023-04-17,0.00681357954420562
2023-04-18,-0.0028561747871769603
2023-04-19,-0.004316204238783391
2023-04-20,-0.03713771404320402
2023-04-21,0.0006082509243650427
2023-04-24,-0.009138359805458443
2023-04-25,-0.014514714977489719
2023-04-26,0.009769070009722863
2023-04-27,0.03410328105790376
2023-04-28,0.013742614928205239
2023-05-01,-0.007048108938235671
2023-05-02,-0.005359306904665831
2023-05-03,-0.002636991799274161
2023-05-04,-0.0009682043712327208
2023-05-05,0.03967802680116146
2023-05-08,0.0011098216771584513
2023-05-09,-0.01022247109383878
2023-05-10,0.008022616908201236
2023-05-11,0.005028603177355947
2023-05-12,-0.010972167758964847
2023-05-15,-0.0036745332658324834
2023-05-16,0.0027967507945267918
2023-05-17,0.019045054249094823
2023-05-18,0.01516457012092176
2023-05-19,0.00614630351543551
2023-05-22,0.017301228064644625
2023-05-23,-0.01666564199623551
2023-05-24,-0.00610082174200921
2023-05-25,0.017912171422226265
2023-05-26,0.027547374664244503
2023-05-30,0.01566316920363623
2023-05-31,0.0016556205506352097
2023-06-01,0.015462284799812634
2023-06-02,0.014777879330476473
2023-06-05,0.003684124511667515
2023-06-06,0.0027399814651309917
2023-06-07,-0.007965212845304381
2023-06-08,0.022363705116049015
2023-06-09,0.015830059381468347
2023-06-12,0.01778119328808092
2023-06-13,0.013429301105582343
2023-06-14,0.0017276533424168683
2023-06-15,0.013213043423090967
2023-06-16,-0.0014347224172428135
2023-06-20,0.013791344042960821
2023-06-21,-0.024527885530913042
2023-06-22,0.0182726526525064
2023-06-23,-0.015263301088261275
2023-06-26,-0.029102869295233275
2023-06-27,0.023740518199434048
2023-06-28,0.011415180004174777
2023-06-29,0.0014445942172142123
2023-06-30,0.018691052771954077
2023-07-03,0.017893207783829634
2023-07-05,0.001371427104695326
2023-07-06,-0.0030991007308876304
2023-07-07,-0.00846134887188991
2023-07-10,-0.014802647914857118
2023-07-11,-7.007739853315262e-05
2023-07-12,0.010457145027727321
2023-07-13,0.013991085267479312
2023-07-14,0.006947596015805856
2023-07-17,0.01690022646235197
2023-07-18,0.01621863047657679
2023-07-19,-0.004093929439001812
2023-07-20,-0.04353097657313283
2023-07-21,-0.008684663057961265
2023-07-24,0.014296031073499488
2023-07-25,0.0024927653112329553
2023-07-26,-0.01220133592532835
2023-07-27,-0.020047479723355816
2023-07-28,0.026203783064870624
2023-07-31,-0.00012273289765955364
2023-08-01,-0.00894396372378851
2023-08-02,-0.022801710849504293
2023-08-03,0.0035399053098834625
2023-08-04,-0.021883763345494984
2023-08-07,-0.006543345134992365
2023-08-08,-0.004651293875155467
2023-08-09,-0.016913410417841297
2023-08-10,0.004646398393670388
2023-08-11,-0.005523425836300277
2023-08-14,0.002307495981449674
2023-08-15,-0.015432168851695478
2023-08-16,-0.012992742099652769
2023-08-17,-0.017938259096733484
2023-08-18,-0.005157290678154884
2023-08-21,0.03269405986195213
2023-08-22,0.005989107919591655
2023-08-23,0.0172530764314985
2023-08-24,-0.025484990641308932
2023-08-25,0.019739016345727313
2023-08-28,0.004010891597454454
2023-08-29,0.03774782834360442
2023-08-30,0.006410697849652979
2023-08-31,0.0008807959026636557
2023-09-01,-0.013144948296031227
2023-09-05,0.02100164350155483
2023-09-06,-0.018544334767821503
2023-09-07,-0.013290901008419414
2023-09-08,0.0016061976652687049
2023-09-11,0.0395079123304282
2023-09-12,-0.019202946321041615
2023-09-13,0.0051192006504732586
2023-09-14,0.011370040767837875
2023-09-15,-0.011723304007313326
2023-09-18,-0.00660097806200266
2023-09-19,0.003178062664902133
2023-09-20,-0.019547338472754583
2023-09-21,-0.012997397010525859
2023-09-22,-0.015085033879626453
2023-09-25,0.005886429765683099
2023-09-26,-0.017338336855374892
2023-09-27,-0.007213837071037583
2023-09-28,0.009559895898758533
2023-09-29,0.00845661372287343
2023-10-02,0.013167570736432562
2023-10-03,-0.018017336814064477
2023-10-04,0.028136356254908325
2023-10-05,0.0014088149274207318
2023-10-06,0.01377484446580035
2023-10-09,0.004323218475380234
2023-10-10,0.002510648410789111
2023-10-11,0.005927352797444459
2023-10-12,-0.00479812685620277
2023-10-13,-0.016864047318037145
2023-10-16,0.008471503444910728
2023-10-17,-0.0022888222127043223
2023-10-18,-0.020341690090652932
2023-10-19,-0.03049959431792041
2023-10-20,-0.021876986425746314
2023-10-23,0.003076699983227756
2023-10-24,0.009051845975501275
2023-10-25,-0.000582582337387616
2023-10-26,-0.03115544054191033
2023-10-27,0.007099536172658756
2023-10-30,-0.004299456582750364
2023-10-31,0.007606270885982387
2023-11-01,0.022096115027572544
2023-11-02,0.029888869642751427
2023-11-03,0.004773023554054215
2023-11-06,0.0073476257209346505
2023-11-07,0.012981748606236687
2023-11-08,0.004321289583559373
2023-11-09,-0.02137773624961192
2023-11-10,0.023448772849023282
2023-11-13,0.00851270407389752
2023-11-14,0.028439108808651966
2023-11-15,0.00877373354468965
2023-11-16,-0.003823182196084537
2023-11-17,-0.004624174592512557
2023-11-20,0.011784083322332235
2023-11-21,0.0026541947809659563
2023-11-22,-0.004217241559246853
2023-11-24,-0.0009414896806059963
2023-11-27,0.0016187505329697076
2023-11-28,0.019695088546358337
2023-11-29,-0.00863956445216681
2023-11-30,-0.004471883107398581
2023-12-01,-0.0033427514344680866
2023-12-04,-0.012466449985985745
2023-12-05,0.014513141013428339
2023-12-06,-0.004318290975301342
2023-12-07,0.00987598038320292
2023-12-08,0.00706715377622961
2023-12-11,-0.012522723334006686
2023-12-12,0.0016094093987317013
2023-12-13,0.008762156688898052
2023-12-14,0.009119660004237213
2023-12-15,0.006716120567492452
2023-12-18,-0.00297512169620547
2023-12-19,0.009129172483246887
2023-12-20,-0.018991403443001764
2023-12-21,0.012298091892748884
2023-12-22,-0.003490092171463196
2023-12-26,0.00449628648519466
2023-12-27,0.005923451749746511
2023-12-28,-0.00871451131541412
2023-12-29,-0.007317371417076409
2024-01-02,-0.01659532385397333
2024-01-03,-0.0161133465979106
2024-01-04,-0.007355223633388104
2024-01-05,-0.002125406273661423
2024-01-08,0.018504071154539295
2024-01-09,-0.007386471615551356
2024-01-10,0.006634204160299695
2024-01-11,-0.009029843044708922
2024-01-12,-0.00830008690628518
2024-01-16,-0.0010069945775057856
2024-01-17,-0.009018563495736856
2024-01-18,0.008947957889277047
2024-01-19,0.009729048320770817
2024-01-22,-0.0030780302482941906
2024-01-23,0.004769841956327717
2024-01-24,-0.00019078586897765693
2024-01-25,-0.039070269591384044
2024-01-26,-0.002646390245506761
2024-01-29,0.01755418973973092
2024-01-30,-0.006184437796247037
2024-01-31,-0.02291682247781442
2024-02-01,0.012441335486963762
2024-02-02,0.0026654576673056
2024-02-05,-0.013384450147616467
2024-02-06,0.010182678616129055
2024-02-07,0.011698115284682675
2024-02-08,0.0016462755465523524
2024-02-09,0.013598232777698152
2024-02-12,-0.01655901566737446
2024-02-13,-0.018217655938890537
2024-02-14,0.010113576429566635
2024-02-15,0.017828130553925365
2024-02-16,-0.0056917775177621754
2024-02-20,-0.012739279799337458
2024-02-21,0.002628768308859756
2024-02-22,0.016115118152144316
2024-02-23,-0.01359164171626818
2024-02-26,0.008144440986143012
2024-02-27,0.0032069206308681006
2024-02-28,0.0018420858601142513
2024-02-29,0.0033447046328532646
2024-03-01,0.0007455530478580976
2024-03-04,-0.03277853052392472
2024-03-05,-0.032445010412829725
2024-03-06,-0.01017039634388465
2024-03-07,0.009590300210848019
2024-03-08,-0.005142698797687029
2024-03-11,0.0071706673615644645
2024-03-12,0.009356430229513157
2024-03-13,-0.01931624974821059
2024-03-14,-0.0019588986572345694
2024-03-15,-0.0054354159900330545
2024-03-18,0.023693050846367525
2024-03-19,0.0030361216586552624
2024-03-20,0.016369530769990776
2024-03-21,-0.015763541025596885
2024-03-22,-0.0025564078564865493
2024-03-25,-0.0038234834676533396
2024-03-26,0.0065513429261600704
2024-03-27,0.01094830300160802
2024-03-28,-0.011568255396808686
2024-04-01,-0.0008463917036679964
2024-04-02,-0.021135961226103797
2024-04-03,0.004316881304451958
2024-04-04,0.0017368351403896178
2024-04-05,-0.004503722862840398
2024-04-08,0.013440961229884512
2024-04-09,0.011198607786934378
2024-04-10,-0.015722228134440314
2024-04-11,0.023612573762833506
2024-04-12,-0.008599243784622807
2024-04-15,-0.03246110032794961
2024-04-16,-0.014653172751113365
2024-04-17,-0.008442784365411052
2024-04-18,-0.01986681266176512
2024-04-19,-0.014946243328318842
2024-04-22,-0.007871986924231264
2024-04-23,0.01379512614091416
2024-04-24,0.045658560380697
2024-04-25,0.01010141234966988
2024-04-26,0.0012210169664682575
2024-04-29,0.055953951835375174
2024-04-30,-0.035298990122448894
2024-05-01,-0.003193563977648879
2024-05-02,0.009827843307867937
2024-05-03,0.029513213211354545
2024-05-06,0.009170509866671967
2024-05-07,-0.014659406693757017
2024-05-08,-0.0041924949254854935
2024-05-09,-0.00046210645822582653
2024-05-10,-0.00712792627345767
2024-05-13,0.011833211591439501
2024-05-14,0.015319845924492682
2024-05-15,0.0032179069388829076
2024-05-16,0.00019418376879594868
2024-05-17,0.004427781543564305
2024-05-20,0.0014089770214522988
2024-05-21,0.027382111778210927
2024-05-22,-0.012957358601266677
2024-05-23,-0.021532440277238513
2024-05-24,0.01854648355219542
2024-05-28,-0.004488601007419878
2024-05-29,-0.0014208427905223104
2024-05-30,-0.004590786892202455
2024-05-31,0.0007190849989109722
2024-06-03,-0.0015572148606789829
2024-06-04,-0.00026892433357187783
2024-06-05,0.009407829580251473
2024-06-06,0.0036351667897707163
2024-06-07,0.002741631591209955
2024-06-10,-0.01015063108508692
2024-06-11,0.021962137313753516
2024-06-12,0.02893123671235139
2024-06-13,0.011960875289343418
2024-06-14,-0.010122919227799952
2024-06-17,0.02858536558304081
2024-06-18,-0.00976005194880969
2024-06-20,-0.013580802794559272
2024-06-21,0.0022133232466899537
2024-06-24,-0.001302416579809488
2024-06-25,0.012639075046241878
2024-06-26,0.023606213954292594
2024-06-27,0.0036198855910395764
2024-06-28,-0.008983237974955482
2024-07-01,0.03717457795628746
2024-07-02,0.04126701222128607
2024-07-03,0.024826669600983932
2024-07-05,0.019059699782462802
2024-07-08,0.003119663609597737
2024-07-09,0.008842925414842218
2024-07-10,0.012316949902631361
2024-07-11,-0.044144777389810375
2024-07-12,0.013463447966498822
2024-07-15,0.011805392283783744
2024-07-16,0.0025098167413421337
2024-07-17,-0.023354141832068888
2024-07-18,-0.008232735891715618
2024-07-19,-0.015688601260857544
2024-07-22,0.021079988859143896
2024-07-23,-0.003799327731771829
2024-07-24,-0.06265159538911336
2024-07-25,-0.0031866982923769074
2024-07-26,0.0055119168562949294
2024-07-29,0.020225446084075022
2024-07-30,-0.015735377576080567
2024-07-31,0.015544402125655702
2024-08-01,-0.028417392242186014
2024-08-02,-0.01872525417326824
2024-08-05,-0.04105058714703813
2024-08-06,0.003462943686917389
2024-08-07,-0.011571108882939996
2024-08-08,0.02141427586652796
2024-08-09,0.009281516318397463
2024-08-12,-0.0011590702927976406
2024-08-13,0.02908269763464292
2024-08-14,-0.007371817298295391
2024-08-15,0.02957163212900641
2024-08-16,0.003029428787709139
2024-08-19,0.012380616062911222
2024-08-20,0.0010763123755746689
2024-08-21,0.0025919332398279447
2024-08-22,-0.02833066537096536
2024-08-23,0.0197090319966291
2024-08-26,-0.012896730669143652
2024-08-27,-0.004724727278817749
2024-08-28,-0.010372344989245478
2024-08-29,0.007760068048241252
2024-08-30,0.014750746972988095
2024-09-03,-0.02068574516495214
2024-09-04,0.010631356971816719
2024-09-05,0.018240908730200418
2024-09-06,-0.03595202914054677
2024-09-09,0.012235188952183526
2024-09-10,0.021018925045073078
2024-09-11,0.013863607745042767
2024-09-12,0.005739979930145115
2024-09-13,0.0030939666809137734
2024-09-16,-0.013758140869866967
2024-09-17,0.005271213786611624
2024-09-18,0.0016907862664949922
2024-09-19,0.04298329277272687
2024-09-20,-0.011322758147765694
2024-09-23,0.012565134484310625
2024-09-24,0.0036811287483775965
2024-09-25,0.004422143366905902
2024-09-26,-0.0025562618364887157
2024-09-27,0.006036018038629038
2024-09-30,0.010895775104229935
2024-10-01,-0.021756936398615423
2024-10-02,-0.013607554229117708
2024-10-03,-0.013294333651092819
2024-10-04,0.014333188922064291
2024-10-07,-0.02506362418216982
2024-10-08,0.01542253093325178
2024-10-09,0.003073047693632332
2024-10-10,-0.005172831381892876
2024-10-11,-0.031059172292273913
2024-10-14,0.009833459236812484
2024-10-15,0.003979945906932181
2024-10-16,-0.002363883281472856
2024-10-17,0.0003499726955139929
2024-10-18,0.0049575909318727565
2024-10-21,-0.00020087403078080344
2024-10-22,0.0047343355314052316
2024-10-23,-0.0160831702957005
2024-10-24,0.07289207048447506
2024-10-25,0.015044167214389281
2024-10-28,-0.006620772740208558
2024-10-29,0.0007777944957860772
2024-10-30,-0.007175026762985573
2024-10-31,-0.0362119043486296
2024-11-01,-0.002290428545287271
2024-11-04,-0.011117303477536256
2024-11-05,0.016415282913757823
2024-11-06,0.05514633856505964
2024-11-07,0.020968947264086452
2024-11-08,0.02463298049462951
2024-11-11,0.02228213084521243
2024-11-12,-0.016482598087476208
2024-11-13,0.004808964339758118
2024-11-14,-0.013324901204194568
2024-11-15,-0.0037672416636682273
2024-11-18,0.02381328943371419
2024-11-19,0.009150747360406367
2024-11-20,-0.0046083572734366696
2024-11-21,-0.004466162725500525
2024-11-22,0.01798437363214796
2024-11-25,-0.007428045852471699
2024-11-26,0.010103652879873729
2024-11-27,-0.009341415708971696
2024-11-29,0.016061472124409892
2024-12-02,0.020615599914250993
2024-12-03,-0.0008648556530280373
2024-12-04,0.011476941262938446
2024-12-05,0.014769431127462651
2024-12-06,0.018240140879277385
2024-12-09,0.007696734601685628
2024-12-10,0.008945509108103988
2024-12-11,0.02230083975936999
2024-12-12,-0.00282228873187873
2024-12-13,0.012983757433321917
2024-12-16,0.027599896698111172
2024-12-17,0.017482510072453234
2024-12-18,-0.04725922502997874
2024-12-19,-0.000935354098096715
2024-12-20,-0.00560331382171264
2024-12-23,0.00754313729954618
2024-12-24,0.03147354772316757
2024-12-26,-0.005742544634110798
2024-12-27,-0.026675325342080315
2024-12-30,-0.019837982956185995
2024-12-31,-0.01580204790809584
2025-01-02,-0.031326862288986436
2025-01-03,0.03051459897926593
2025-01-06,0.006284624878188186
2025-01-07,-0.021599857962894504
2025-01-08,0.002892297866419128
2025-01-10,-0.012607196804913215
2025-01-13,0.00238890908186932
2025-01-14,-0.008551652145432964
2025-01-15,0.04188492827572735
2025-01-16,-0.026029388139399624
2025-01-17,0.016219025938471944
2025-01-21,-0.01294967563108973
2025-01-22,0.008508213479119304
2025-01-23,-0.0020646418299809324
2025-01-24,-0.007977119241968348
2025-01-27,-0.0042677361635862585
2025-01-28,0.02266476501715638
2025-01-29,-0.009618376425237773
2025-01-30,-0.013490190495812569
2025-01-31,0.0014233302153719984
2025-02-03,-0.031844933515181986
2025-02-04,0.01558843399362786
2025-02-05,-0.011660309789989182
2025-02-06,-0.000277845972306364
2025-02-07,-0.024165073630686058
2025-02-10,-0.007632993131979108
2025-02-11,-0.014480840998521056
2025-02-12,0.012273510161919982
2025-02-13,0.027026700593392107
2025-02-14,0.002430039287437532
2025-02-18,-0.0008102172047850612
2025-02-19,0.01079135424300596
2025-02-20,-0.0032950539711456743
2025-02-21,-0.02233708049746937
2025-02-24,-0.00853806444533504
2025-02-25,-0.03305605331081385
2025-02-26,-0.020690376272274397
2025-02-27,-0.020392116444709653
2025-02-28,0.023204833615192728
2025-03-03,-0.021865770403793228
2025-03-04,-0.01760451554937033
2025-03-05,0.01902702410261673
2025-03-06,-0.022703678169087395
2025-03-07,0.0013039104172057523
2025-03-10,-0.07872523778346736
2025-03-11,0.0031735967658108235
2025-03-12,0.021957497969542793
2025-03-13,-0.025084305683745346
2025-03-14,0.0275526280313391
2025-03-17,-0.015044885106171078
2025-03-18,-0.024269023581354666
2025-03-19,0.023341862353100318
2025-03-20,-0.002042479162334021
2025-03-21,0.027866324885596667
2025-03-24,0.045085951915066515
2025-03-25,0.017998742405308667
2025-03-26,-0.02628730448788267
2025-03-27,0.0053232670242486044
2025-03-28,-0.030605148847466193
2025-03-31,-0.002082239385844139
2025-04-01,0.01959054736509095
2025-04-02,0.018757432383348815
2025-04-03,-0.05694409148935356
2025-04-04,-0.07088373636760062
2025-04-07,-0.02262698148936378
2025-04-08,-0.036011479441103944
2025-04-09,0.16050839886530405
2025-04-10,-0.04618029510494659
2025-04-11,0.019618655300089955
2025-04-14,0.006854986980124508
2025-04-15,-8.845626786054472e-05
2025-04-16,-0.041655580622201906
2025-04-17,0.0009659887434706101
2025-04-21,-0.03346772076813146
2025-04-22,0.03384276759810989
2025-04-23,0.03287689401737626
2025-04-24,0.029295141909660163
2025-04-25,0.03804871157707867
2025-04-28,0.001870726603069972
2025-04-29,0.011322360764609646
2025-04-30,-0.008198033249061024
2025-05-01,0.024766707892051674
2025-05-02,0.0032373522173862277
2025-05-05,-0.017870715463357313
2025-05-06,-0.008662375483060628
2025-05-07,-0.0027109630624671715
2025-05-08,0.016191907773086246
2025-05-09,0.017910609894730367
2025-05-12,0.05107096926146622
2025-05-13,0.01972197069029835
2025-05-14,0.01546091694672184
2025-05-15,-0.00590112712366031
2025-05-16,0.00750095755632374
2025-05-19,-0.008052366071644834
2025-05-20,-0.0018882069955218346
2025-05-21,-0.020679932893145476
2025-05-22,0.0068778936718622745
2025-05-23,-0.015172657038295068
2025-05-27,0.03934798146269387
2025-05-28,-0.0075619228966569505
2025-05-29,0.0016093229497233796
2025-05-30,-0.008410610866744956
2025-06-02,-0.001050736696013891
2025-06-03,0.0048530203665115845
2025-06-04,-0.011921743301157582
2025-06-05,-0.04839441659328129
2025-06-06,0.019613900863348317
2025-06-09,0.012821199090083538
2025-06-10,0.01964297324511177
2025-06-11,-0.004847050447844059
2025-06-12,-0.00236245539618929
2025-06-13,-0.0008470797028498067
2025-06-16,0.010190461179150345
2025-06-17,-0.018378702042917507
2025-06-18,0.009141628923144591
2025-06-20,0.005637445581893792
2025-06-23,0.034273716811626796
2025-06-24,-0.0070148298566279355
2025-06-25,-0.009083268349558712
2025-06-26,0.0007801988191045901
2025-06-27,-0.003079005569434005
2025-06-30,0.001619079805993998
2025-07-01,-0.017072879209558172
2025-07-02,0.023320724557563583
2025-07-03,0.0066852687677336755
2025-07-07,-0.028998635035300126
2025-07-08,0.003747218869599389
2025-07-09,0.004257946978668473
2025-07-10,0.01642198368593506
2025-07-11,0.003177051862794562
2025-07-14,-0.0006039277986985931
2025-07-15,-0.003798979555325488
2025-07-16,0.013222249337980772
2025-07-17,0.0014442825811598055
2025-07-18,0.011452615615596665
2025-07-21,0.0008855360768483811
2025-07-22,0.003555071641124748
2025-07-23,0.0004588039644537097
2025-07-24,-0.024629197995344316
2025-07-25,0.013781620280107912
2025-07-28,0.009530642127638173
2025-07-29,-0.008778083145208043
2025-07-30,-0.0053085081469186335
2025-07-31,-0.0004541529659755801
2025-08-01,-0.02030000430729517
2025-08-04,0.016233367587451752
2025-08-05,-0.006196908980039217
2025-08-06,0.027276235807771977
2025-08-07,0.010453442591951023
2025-08-08,0.022520627850585024
2025-08-11,0.006158565972417781
2025-08-12,0.010175949822299005
2025-08-13,-0.0015407455177130676
2025-08-14,-0.0033014299080145566
2025-08-15,-0.008164173353000792
2025-08-18,0.0016637598631572175
2025-08-19,-0.011019603358682573
2025-08-20,-0.014702536062933404
2025-08-21,-0.0065129833477854575
2025-08-22,0.02693753646890262
2025-08-25,0.0036306996795342217
2025-08-26,0.006563338916956707
2025-08-27,0.0028738253697779825
2025-08-28,0.0014496772252694892
2025-08-29,-0.014198802815037194
2025-09-02,-0.009010512306142766
2025-09-03,0.0176354570619787
2025-09-04,0.007989237039720171
2025-09-05,0.003484917099747631
2025-09-08,-0.00458070519549029
2025-09-09,-0.00425746694411507
2025-09-10,-0.008654539642237316
2025-09-11,0.025334722739307036
2025-09-12,0.03628933183360861
