Date,excess_return
2018-01-03,0.010244223101520188
2018-01-04,0.0033533119268272307
2018-01-05,0.0003535646663142093
2018-01-08,0.013415395099905037
2018-01-09,-0.006329983155455099
2018-01-10,0.002624673787834708
2018-01-11,0.00016874930002061007
2018-01-12,-0.005669500701000906
2018-01-16,-0.0010029762424718317
2018-01-17,0.002146644605461179
2018-01-18,0.004033738976644163
2018-01-19,0.0021099416627348277
2018-01-22,0.0025825011745984287
2018-01-23,0.009348362477109065
2018-01-24,-0.008482636720135196
2018-01-25,-0.004507987822584658
2018-01-26,0.00609126160227658
2018-01-29,0.00751655555659636
2018-01-30,0.0015596965935535164
2018-01-31,0.014086710707757077
2018-02-01,-0.008511768995590363
2018-02-02,-0.0006038633099084284
2018-02-05,-0.002885580125470813
2018-02-06,0.007468824499405318
2018-02-07,-0.0026049205254422905
2018-02-08,-0.006960144826720957
2018-02-09,0.0017678922414662845
2018-02-12,0.0019440764412462785
2018-02-13,0.005558717186323914
2018-02-14,0.008129230261926749
2018-02-15,0.003164049110385092
2018-02-16,-0.00752033052231289
2018-02-20,0.009558078533033622
2018-02-21,-0.0018424466292826132
2018-02-22,0.00640014997178503
2018-02-23,0.0015803490056361044
2018-02-26,0.0019469332731878019
2018-02-27,0.003070963245138192
2018-02-28,-0.0023883340415272077
2018-03-01,-0.00391766381432767
2018-03-02,0.0007987187340620875
2018-03-05,-0.0041550366718217865
2018-03-06,-0.0009983642334511099
2018-03-07,0.008143151080020818
2018-03-08,-0.005861056072702575
2018-03-09,-0.006640504752489906
2018-03-12,0.009953943969530811
2018-03-13,-0.0026918488491292324
2018-03-14,-0.001492344093506159
2018-03-15,0.0013499622171948666
2018-03-16,-0.0021475600506658866
2018-03-19,-0.00921597146357487
2018-03-20,-0.0007047526116683136
2018-03-21,0.0019846547118137934
2018-03-22,0.0004960243278078549
2018-03-23,-0.005003851720306606
2018-03-26,0.0018431604622378278
2018-03-27,-0.0250359457417786
2018-03-28,-0.01463885616449212
2018-03-29,0.010268189441501499
2018-04-02,-0.011632330005848991
2018-04-03,0.0030299927954888367
2018-04-04,0.007580930605031632
2018-04-05,0.007261689152614813
2018-04-06,-0.0021800422669519676
2018-04-09,-0.004427916414783006
2018-04-10,0.015631114069881873
2018-04-11,-0.0010554268167428773
2018-04-12,0.0010264573792942225
2018-04-13,0.00022703261754027917
2018-04-16,-0.005057282172374843
2018-04-17,0.008518169057755532
2018-04-18,0.0005856193851087375
2018-04-19,0.00016763856131309877
2018-04-20,-0.007309585284530708
2018-04-23,-0.005204942479849361
2018-04-24,-0.002230164069962206
2018-04-25,-0.009746657753565157
2018-04-26,0.02837902906060101
2018-04-27,0.007406171669779683
2018-04-30,0.0010689223119200618
2018-05-01,0.010685091186392815
2018-05-02,0.007144616482627042
2018-05-03,-0.000960837618130839
2018-05-04,0.006818886322737638
2018-05-07,0.011257448369746261
2018-05-08,0.0009078154973760856
2018-05-09,0.0041472151598702
2018-05-10,0.00023214260744475364
2018-05-11,-0.007942345908881076
2018-05-14,-0.0007178008966213017
2018-05-15,-0.004740382557072133
2018-05-16,0.002488419733161296
2018-05-17,-0.0013429955349937741
2018-05-18,-0.0018369264747884135
2018-05-21,9.64734922971229e-05
2018-05-22,-0.0027994095851113683
2018-05-23,0.0068138114824485615
2018-05-24,0.0025340793831909792
2018-05-25,0.00403234548812852
2018-05-29,0.008199105282931662
2018-05-30,0.0005074882729321547
2018-05-31,0.0036920406560862814
2018-06-01,0.00889769903996529
2018-06-04,0.0073566522264167725
2018-06-05,0.000668044967628867
2018-06-06,0.009283262801050029
2018-06-07,-0.012417057367146035
2018-06-08,0.0002507679084257867
2018-06-11,0.0072884140383256205
2018-06-12,0.005596783681308893
2018-06-13,0.005283545317514238
2018-06-14,0.007549510056781984
2018-06-15,-0.003047401053512278
2018-06-18,0.011575642884628989
2018-06-19,-0.008373183819469755
2018-06-20,0.006661035007728598
2018-06-21,-0.01024143111262751
2018-06-22,-0.008022414570970039
2018-06-25,-0.009943632509625912
2018-06-26,0.010048607945539391
2018-06-27,-0.005609558602111564
2018-06-28,0.006799040796256751
2018-06-29,-0.007215686662207966
2018-07-02,0.0036975015029242168
2018-07-03,-0.014335839210503309
2018-07-05,0.004767294121176392
2018-07-06,0.007661337894740793
2018-07-09,0.003724375696258898
2018-07-10,-0.0009573821077890838
2018-07-11,-0.0018466810590923588
2018-07-12,0.005382700932477315
2018-07-13,0.00028670676084779933
2018-07-16,-0.0012050076189725756
2018-07-17,0.009032213612293716
2018-07-18,-0.004331751369505588
2018-07-19,-0.0014253185276267618
2018-07-20,0.00044607338573102694
2018-07-23,-0.0031288855157539873
2018-07-24,-0.00501849754861442
2018-07-25,0.0061908778165418975
2018-07-26,-0.008467713510073017
2018-07-27,7.108799224031515e-05
2018-07-30,-0.0066662286236180545
2018-07-31,-0.0045165488838458615
2018-08-01,0.010637214467273214
2018-08-02,0.024322619727961164
2018-08-03,-0.003968145108052779
2018-08-06,0.007423523186296377
2018-08-07,0.010287632737232155
2018-08-08,0.0013811105356596799
2018-08-09,-0.006657045094291204
2018-08-10,0.00035081947099561105
2018-08-13,0.007189918701602305
2018-08-14,-0.00035739764998291533
2018-08-15,-0.005148810720569663
2018-08-16,-0.010901924220848647
2018-08-17,-0.012900843798187399
2018-08-20,-0.0010001473952861105
2018-08-21,0.007189970870182517
2018-08-22,0.010475562634627745
2018-08-23,0.00788326969052433
2018-08-24,0.00904696001817431
2018-08-27,0.005476255344760518
2018-08-28,-0.0031584834632669588
2018-08-29,0.0030282996906562214
2018-08-30,0.002156200266618791
2018-08-31,0.0022846804439180966
2018-09-04,0.006800492082908316
2018-09-05,-0.010920566063784776
2018-09-06,-0.008746499327035185
2018-09-07,-0.009000074812418248
2018-09-10,0.017423157658165878
2018-09-11,0.003627385606966127
2018-09-12,0.006116488610582227
2018-09-13,-0.004960056554232506
2018-09-14,0.009707843746947054
2018-09-17,-0.006758164280977143
2018-09-18,-0.006334128158823782
2018-09-19,0.002179655603328845
2018-09-20,-0.0024935918305910463
2018-09-21,-0.004817840212993619
2018-09-24,0.013108218923691439
2018-09-25,0.0050279954416636245
2018-09-26,0.004079675789694348
2018-09-27,0.004287476128150635
2018-09-28,-0.01760290161690793
2018-10-01,0.01976617098316794
2018-10-02,-0.015239502617045566
2018-10-03,-0.002428052620662846
2018-10-04,-0.013839357484567463
2018-10-05,-0.01292309418116572
2018-10-08,-0.01296775438188298
2018-10-09,0.01229086813963658
2018-10-10,-0.016543451080233564
2018-10-11,0.010513432510535815
2018-10-12,0.014004767152777518
2018-10-15,-0.006545189015950715
2018-10-16,0.015568572277127407
2018-10-17,-0.006588706230564634
2018-10-18,-0.008381305513506354
2018-10-19,-0.015441022677400818
2018-10-22,0.014967490171892263
2018-10-23,0.009744268508312216
2018-10-24,-0.02117115432280886
2018-10-25,0.005021225268557153
2018-10-26,-0.009842883021004417
2018-10-29,-0.020605848139060936
2018-10-30,0.0022117241508545007
2018-10-31,0.019315900417397832
2018-11-01,0.0150988790640776
2018-11-02,-0.0034814591167533823
2018-11-05,-0.014804957071685942
2018-11-06,0.0017879595031955568
2018-11-07,0.009019339161484962
2018-11-08,-0.008813447336108837
2018-11-09,-0.003441287160075324
2018-11-12,-0.02502208113960186
2018-11-13,0.012019114668676258
2018-11-14,0.007365840673479496
2018-11-15,0.006098987812094878
2018-11-16,-0.026267894825082697
2018-11-19,-0.026714046674444297
2018-11-20,0.006738715441242247
2018-11-21,-0.004249345373384418
2018-11-23,-0.001149012528067839
2018-11-26,0.017949356226523785
2018-11-27,0.0009817767100592017
2018-11-28,0.005848675023034721
2018-11-29,-0.002401579062883275
2018-11-30,0.0034856498494472265
2018-12-03,0.018533991607252137
2018-12-04,-0.011036396324047272
2018-12-06,0.0063634725181727185
2018-12-07,-0.013709021297796248
2018-12-10,0.01330230907162573
2018-12-11,-0.0009965093875376366
2018-12-12,0.004573773417051974
2018-12-13,0.001171213085347489
2018-12-14,-0.0024431955728270727
2018-12-17,-0.00867812966655137
2018-12-18,0.01133690617142029
2018-12-19,-0.018309745961326132
2018-12-20,-0.002694452030976645
2018-12-21,-0.013774790717772538
2018-12-24,-0.0006520567804531516
2018-12-26,0.01708562128111532
2018-12-27,-0.013597988727867017
2018-12-28,0.010505699735527408
2018-12-31,-0.0014112702111868537
2019-01-02,0.002120195548717063
2019-01-03,-0.02049818128212684
2019-01-04,0.01954122567034014
2019-01-07,0.01696807175286005
2019-01-08,-0.0005759971066043642
2019-01-09,0.002576031218228315
2019-01-10,-0.0014288342846511927
2019-01-11,0.0014543056824734223
2019-01-14,-0.0011593780139587126
2019-01-15,0.0065468503079555325
2019-01-16,-0.0040160683650411035
2019-01-17,0.0017524750399023244
2019-01-18,-0.013720421928024105
2019-01-22,-0.012120609919123441
2019-01-23,-0.00478778686881286
2019-01-24,0.01372354208931991
2019-01-25,0.010631438545191708
2019-01-28,-0.022792609682960825
2019-01-29,-0.016352445357814868
2019-01-30,0.03684784971124546
2019-01-31,0.016269100422120063
2019-02-01,-0.005665926444724645
2019-02-04,0.005194707659479504
2019-02-05,0.0036594027236345195
2019-02-06,-0.0018392034791593014
2019-02-07,-0.009899587191973147
2019-02-08,-0.00018886795500462324
2019-02-11,-0.0016705578344894168
2019-02-12,-0.0018460888524276173
2019-02-13,-0.0038904945799797417
2019-02-14,0.002406620457574826
2019-02-15,-0.003627024683548541
2019-02-19,0.0005235445294644596
2019-02-20,-0.001265460061524437
2019-02-21,-0.003143917513936479
2019-02-22,0.005491612524274504
2019-02-25,0.0051879557174668075
2019-02-26,-0.0017744869668777198
2019-02-27,0.001156523788907072
2019-02-28,0.00011689852672205339
2019-03-01,-0.006408279322560307
2019-03-04,0.0037310919185021274
2019-03-05,0.0001674168599096748
2019-03-06,-0.004478182609504656
2019-03-07,-0.0050576707724469434
2019-03-08,0.0050577657091887
2019-03-11,0.013954328223484927
2019-03-12,-0.00016572614347788468
2019-03-13,0.0037586532968820197
2019-03-14,-0.004553973447433824
2019-03-15,-0.0013957959628864928
2019-03-18,-0.004395654752915801
2019-03-19,0.016324667297574647
2019-03-20,0.008618329745769936
2019-03-21,0.013218286368562218
2019-03-22,-0.008440986489533578
2019-03-25,-0.003485615342593407
2019-03-26,-0.001634575187497666
2019-03-27,0.0010352968933601703
2019-03-28,-3.300339357226135e-05
2019-03-29,0.0018618246368102397
2019-04-01,0.004654371743207021
2019-04-02,0.005541177357083039
2019-04-03,0.014873835334300936
2019-04-04,-0.009564793390796345
2019-04-05,0.0021232445678428307
2019-04-08,-0.00032620694252989387
2019-04-09,-0.002384064000748731
2019-04-10,0.005034414929276943
2019-04-11,-0.0046429850828738515
2019-04-12,-0.004385807420008425
2019-04-15,-0.003992632063516954
2019-04-16,0.0071565680854431615
2019-04-17,0.0024916284734377457
2019-04-18,0.00036021055813094697
2019-04-22,0.002166906323488838
2019-04-23,0.0004355138411120587
2019-04-24,-0.0014529609151521343
2019-04-25,-0.0004079433423957563
2019-04-26,-0.010674373720772826
2019-04-29,0.002814952826996531
2019-04-30,-0.004341280950559722
2019-05-01,0.0026119712860990674
2019-05-02,0.009945515167309283
2019-05-03,0.006176662702275161
2019-05-06,-0.0059673978174170535
2019-05-07,-0.006826511310669615
2019-05-08,0.001957951379506695
2019-05-09,-0.003948422992733236
2019-05-10,-0.0036423944291043447
2019-05-13,-0.01680514121329399
2019-05-14,0.00585943370692418
2019-05-15,0.0032103927092813397
2019-05-16,-0.0024176753934766256
2019-05-17,-0.011940767157869236
2019-05-20,-0.011339412547490792
2019-05-21,0.001745648860494919
2019-05-22,-0.006801879813504686
2019-05-23,-0.004837684630819461
2019-05-24,-0.004743503163848706
2019-05-28,0.01703124464468673
2019-05-29,-0.0032950095903712014
2019-05-30,-0.0022378298125562248
2019-05-31,-0.005127091058608334
2019-06-03,-0.019540518153188472
2019-06-04,0.017293360066901194
2019-06-05,-0.0025421469076179594
2019-06-06,0.013512676924857851
2019-06-07,0.007540919920127877
2019-06-10,0.012328856382594445
2019-06-11,0.004839562458404122
2019-06-12,-0.0100260192779
2019-06-13,0.000965829607830238
2019-06-14,-0.004056103033936287
2019-06-17,0.007539205619430356
2019-06-18,0.007929575924669384
2019-06-19,0.00011296167955505716
2019-06-20,-0.007324329029634602
2019-06-21,-0.0023964632776305784
2019-06-24,0.004103816506162849
2019-06-25,-0.00592232898350218
2019-06-26,0.013103866341449655
2019-06-27,0.00611470403640816
2019-06-28,-0.004040863712371789
2019-07-01,0.0037903125443753873
2019-07-02,-0.002194468637060543
2019-07-03,0.0015425263869976013
2019-07-05,-0.001710641131893842
2019-07-08,0.00024403877611300917
2019-07-09,0.0064048074386568125
2019-07-10,0.009797150716081428
2019-07-11,-0.002485939455411169
2019-07-12,0.004147485933936081
2019-07-15,0.007835151846207134
2019-07-16,-0.002078272998601539
2019-07-17,0.004045636537316589
2019-07-18,-0.004826279177079618
2019-07-19,3.601441264859933e-05
2019-07-22,0.007195205792374171
2019-07-23,0.002683804146162606
2019-07-24,0.00439446708953093
2019-07-25,-0.019947186312353784
2019-07-26,-0.003896365861692985
2019-07-29,0.00020729801844446868
2019-07-30,0.004083648117920035
2019-07-31,-0.010469612211503644
2019-08-01,-0.0031615564073821725
2019-08-02,-0.005574097338331663
2019-08-05,-0.008747330506718554
2019-08-06,0.0012641798096011871
2019-08-07,0.005956551309632974
2019-08-08,0.01658348915091521
2019-08-09,-0.0030650401230395558
2019-08-12,-0.005039102533576211
2019-08-13,0.0041221701904478915
2019-08-14,-0.009260668175392173
2019-08-15,-0.005181093996453889
2019-08-16,0.009737583368865481
2019-08-19,0.00845717243163966
2019-08-20,-0.001531231132096491
2019-08-21,0.0006334905823855222
2019-08-22,-0.0017051798909628935
2019-08-23,-0.012128289979360295
2019-08-26,0.004360833659775864
2019-08-27,-0.0005891603311829145
2019-08-28,-0.002457304692143447
2019-08-29,0.006384553234133516
2019-08-30,0.0019605279610927845
2019-09-03,-0.003921391662744456
2019-09-04,-0.0002289729147026947
2019-09-05,0.01134101897085904
2019-09-06,-0.007895569693208981
2019-09-09,0.0020542342500649235
2019-09-10,0.0005951529351157393
2019-09-11,0.0037003163245346027
2019-09-12,0.0002458151158377334
2019-09-13,-0.00159556664084376
2019-09-16,-0.002330154488649483
2019-09-17,0.0033647368690159713
2019-09-18,-0.002331766895823284
2019-09-19,0.0018257121930057353
2019-09-20,-0.006773082239285435
2019-09-23,0.0017852140453550438
2019-09-24,-0.01451645193457509
2019-09-25,0.006942424359860923
2019-09-26,0.003358778440355569
2019-09-27,-0.007272214605074222
2019-09-30,0.003458982230912278
2019-10-01,0.007149487627686157
2019-10-02,0.003750324891190704
2019-10-03,0.0019179477605448577
2019-10-04,-0.003582133405248898
2019-10-07,0.005430161619231389
2019-10-08,0.00139116579813949
2019-10-09,0.0030857278921032193
2019-10-10,-0.0015666048948077766
2019-10-11,0.007407912985068821
2019-10-14,0.006759790009591271
2019-10-15,0.0055938763594472595
2019-10-16,0.0010456880086946675
2019-10-17,0.0008337861845751806
2019-10-18,-0.006874033249394873
2019-10-21,0.0065613291356350755
2019-10-22,-0.005671158729588999
2019-10-23,0.0006022761069812812
2019-10-24,0.022830691856887773
2019-10-25,0.015375906891536627
2019-10-28,0.005472350538870487
2019-10-29,-0.012100134096871927
2019-10-30,-0.0003840703767485909
2019-10-31,0.0064781326490450765
2019-11-01,0.0017139372030804956
2019-11-04,0.009321911140322148
2019-11-05,-0.0002447762598758341
2019-11-06,-0.0012507637226726212
2019-11-07,0.0019231764633555366
2019-11-08,-0.00022973681599165437
2019-11-11,0.0032743687373486545
2019-11-12,0.004939243097022972
2019-11-13,-0.0009468829660870485
2019-11-14,0.0021370917442714576
2019-11-15,-0.003763655641411112
2019-11-18,0.008884499031901492
2019-11-19,0.005342669307025483
2019-11-20,-0.0016796257321450734
2019-11-21,-0.0032377303371886722
2019-11-22,-0.0074605876842382185
2019-11-25,0.007596405171186626
2019-11-26,-0.007325596042989281
2019-11-27,0.0035193859998201345
2019-11-29,-0.0016608904703252717
2019-12-02,-0.001326472184580629
2019-12-03,0.0021193484453954853
2019-12-04,-0.001652291528422156
2019-12-05,-0.0019959363502252804
2019-12-06,0.0016378617705796739
2019-12-09,-0.0005090777211030906
2019-12-10,0.005664373054081496
2019-12-11,0.0038428280707633045
2019-12-12,0.006086207387243182
2019-12-13,-0.0027491849711083873
2019-12-16,0.010565775481935734
2019-12-17,0.0025658663619875788
2019-12-18,0.00454904039611136
2019-12-19,0.006693765298640476
2019-12-20,0.002374114930399485
2019-12-23,0.0069727219610843175
2019-12-24,0.0031399157185144524
2019-12-26,0.006833068788911925
2019-12-27,-0.0011452805873357732
2019-12-30,-0.006744620331920205
2019-12-31,0.0026077641419910208
2020-01-02,0.015157180197588008
2020-01-03,0.0012153912719728086
2020-01-06,0.0036631961372061497
2020-01-07,0.006199903109034099
2020-01-08,0.003807387714283428
2020-01-09,0.0017157002211938173
2020-01-10,-0.000895905783057727
2020-01-13,0.01536956437094248
2020-01-14,-0.0038759749526315673
2020-01-15,-0.005095906770732328
2020-01-16,0.0012066093427678636
2020-01-17,0.0009821937750440941
2020-01-21,0.007581883260234713
2020-01-22,0.00578101739164546
2020-01-23,0.0012612759051733205
2020-01-24,-0.001569207473719048
2020-01-27,-0.005036409659124896
2020-01-28,0.007692832868685207
2020-01-29,0.002918528437237833
2020-01-30,0.00723790105732214
2020-01-31,0.005110217747001943
2020-02-03,0.02195347440636431
2020-02-04,0.02150475507352021
2020-02-05,-0.023934737998130798
2020-02-06,0.004397302725448439
2020-02-07,0.003933701159977343
2020-02-10,0.013393915997961803
2020-02-11,-0.0002402613689777679
2020-02-12,0.001492752251553365
2020-02-13,0.00485603772636153
2020-02-14,0.007446160635817035
2020-02-18,0.01611101913208948
2020-02-19,0.01603390315587655
2020-02-20,-0.009295220553950967
2020-02-21,-0.014785496433128379
2020-02-24,-0.017767477227011927
2020-02-25,0.0030034534535916535
2020-02-26,0.00655675598714236
2020-02-27,-0.015227706922429196
2020-02-28,0.015635503882737913
2020-03-02,0.00686058906131172
2020-03-03,0.0012894976082322047
2020-03-04,-0.0015768360939131046
2020-03-05,0.0013517338875162765
2020-03-06,-0.0006174925980328913
2020-03-09,-0.003309965143635865
2020-03-10,0.004105122433365402
2020-03-11,0.011546805092330824
2020-03-12,-0.009056594320103528
2020-03-13,0.00274583503470463
2020-03-16,-0.021102569712685454
2020-03-17,0.0011822190639387622
2020-03-18,-0.001278550918614306
2020-03-19,0.033333018216675364
2020-03-20,0.016681832681423148
2020-03-23,0.029696461487564475
2020-03-24,0.009233215592414745
2020-03-25,-0.016106890620398242
2020-03-26,-0.014257242041084667
2020-03-27,-0.0016480103247823036
2020-03-30,0.000507101694503409
2020-03-31,0.008763293498901047
2020-04-01,-0.002854556296937552
2020-04-02,-0.011793528942981156
2020-04-03,0.000536013028721782
2020-04-06,0.009523266363015773
2020-04-07,0.002502508572990214
2020-04-08,-0.012415904430800071
2020-04-09,-0.008226360504424367
2020-04-13,0.03827418217933132
2020-04-14,0.019008345953328683
2020-04-15,0.01515786902859657
2020-04-16,0.01587091917559094
2020-04-17,-0.02098023940183604
2020-04-20,0.007369947341566563
2020-04-21,-0.013948296920419316
2020-04-22,0.018016633366473786
2020-04-23,-0.0032585752677495748
2020-04-24,0.003000151296137933
2020-04-27,-8.877879914671524e-05
2020-04-28,-0.013394457367223188
2020-04-29,0.002484229547100047
2020-04-30,0.011998347717087366
2020-05-01,-0.012853456365578414
2020-05-04,0.02253517775829257
2020-05-05,-0.00223462505113331
2020-05-06,0.01378710074524866
2020-05-07,-0.0029896670196215332
2020-05-08,0.0023585628505229835
2020-05-11,0.011941546587271656
2020-05-12,0.0006748680173072966
2020-05-13,0.003547352935783064
2020-05-14,0.0017594013066029035
2020-05-15,0.004657671342053528
2020-05-18,-0.010687340236993179
2020-05-19,0.010873521772011452
2020-05-20,0.004406240151555555
2020-05-21,-0.0029509897825259705
2020-05-22,0.0023124388789021455
2020-05-26,-0.018651251767483803
2020-05-27,-0.01597080745553935
2020-05-28,-0.004410936344433336
2020-05-29,0.012075429397316761
2020-06-01,0.010723784467995313
2020-06-02,-0.00514272719379053
2020-06-03,-0.011219615154572416
2020-06-04,-0.005871984902246032
2020-06-05,-0.00598593852327458
2020-06-08,4.396149419261253e-05
2020-06-09,0.024531384180004348
2020-06-10,0.027582781684572788
2020-06-11,0.003395990600289292
2020-06-12,-0.005872702434480449
2020-06-15,0.008573584347872809
2020-06-16,-0.008736461233114778
2020-06-17,0.008323146033849349
2020-06-18,0.0016150010757442932
2020-06-19,0.006075466005294084
2020-06-22,0.006953576334362931
2020-06-23,0.0017637520732534445
2020-06-24,0.000967011985342825
2020-06-25,0.001005688928190496
2020-06-26,-0.007559645138583593
2020-06-29,-0.0003366752366147467
2020-06-30,0.014499741999459283
2020-07-01,0.008576201575654321
2020-07-02,0.004868900239338881
2020-07-06,0.022188710233832037
2020-07-07,0.004921386580176879
2020-07-08,0.006888845627381656
2020-07-09,0.021884608080694083
2020-07-10,0.0008779816747466543
2020-07-13,-0.015403995110747616
2020-07-14,-0.0012839030359281904
2020-07-15,-0.006919687919002315
2020-07-16,-0.0064822802125341535
2020-07-17,-0.002541729426676342
2020-07-20,0.028866833203309093
2020-07-21,-0.015491153176837302
2020-07-22,0.005965943200212886
2020-07-23,-0.019628120209894614
2020-07-24,0.014226210662449534
2020-07-27,0.013398599319858599
2020-07-28,-0.010188247738860921
2020-07-29,0.013331932640886657
2020-07-30,0.008309106583626526
2020-07-31,0.011037264799113943
2020-08-03,0.010332754197896699
2020-08-04,0.00847262605027648
2020-08-05,-0.0019153004486206831
2020-08-06,0.009943236465295158
2020-08-07,-0.013165774704392863
2020-08-10,-0.011666435403934085
2020-08-11,-0.01670178703091862
2020-08-12,0.028013442117984268
2020-08-13,0.006846891568432545
2020-08-14,0.001131835580407359
2020-08-17,0.020161001241432743
2020-08-18,0.006112377539435266
2020-08-19,-0.0016164781645750413
2020-08-20,0.015101135312148396
2020-08-21,0.00856144856878659
2020-08-24,-0.005906429541934899
2020-08-25,0.007756335866284537
2020-08-26,0.014390090972515236
2020-08-27,-0.006372160582487263
2020-08-28,0.0018127973711176346
2020-08-31,0.026706829049777236
2020-09-01,0.0008831204926223468
2020-09-02,-0.012298347079721906
2020-09-03,-0.025714488991261497
2020-09-04,-0.0011110798907711297
2020-09-08,-0.033049091403457256
2020-09-09,0.021545586152466933
2020-09-10,-0.003900528914691427
2020-09-11,-0.008778646885908771
2020-09-14,0.014544496050413004
2020-09-15,0.012867561902992167
2020-09-16,-0.016853487868714524
2020-09-17,-0.006514027176892112
2020-09-18,0.001541603820571202
2020-09-21,0.01924386621828935
2020-09-22,-9.465053081105824e-05
2020-09-23,-0.01559788166776429
2020-09-24,0.006254900577793
2020-09-25,0.01109657680894885
2020-09-28,0.001601730998173491
2020-09-29,0.007320129274336019
2020-09-30,0.0020831016104806647
2020-10-01,0.011398458659910848
2020-10-02,-0.02124947705747599
2020-10-05,0.009232229837399752
2020-10-06,-0.0038463003628466455
2020-10-07,0.0005710902183818749
2020-10-08,-0.005439177005610141
2020-10-09,-0.0009603248411034319
2020-10-12,0.013723794689149197
2020-10-13,0.005642265463294938
2020-10-14,0.0006709031362586272
2020-10-15,-0.008895999531463018
2020-10-16,-0.0065053023237562355
2020-10-19,-0.0027539647208175387
2020-10-20,2.5972029426202768e-05
2020-10-21,0.0002777258195537525
2020-10-22,-0.006392032919345303
2020-10-23,0.004743729683656373
2020-10-26,0.004941644511210375
2020-10-27,0.009956495130032363
2020-10-28,-0.008038140743884196
2020-10-29,0.010711953332159442
2020-10-30,-0.025215305171452145
2020-11-02,-0.0076338941445372125
2020-11-03,0.006343725291051365
2020-11-04,0.020908533613424603
2020-11-05,0.007850593756798217
2020-11-06,0.00434206304286432
2020-11-09,-0.03744592712133067
2020-11-10,-0.024624112464381134
2020-11-11,0.017795433233857707
2020-11-12,0.004489892460727262
2020-11-13,-0.010867873394969772
2020-11-16,-0.0027964236160798895
2020-11-17,0.008561748943310288
2020-11-18,0.0145508170244403
2020-11-19,0.005846899532104157
2020-11-20,-0.003468204098437568
2020-11-23,-0.0008366845148075723
2020-11-24,-0.0001965148198196688
2020-11-25,0.011651992214428378
2020-11-27,0.0042282428736031274
2020-11-30,0.006369566459844511
2020-12-01,0.005932184834999042
2020-12-02,-0.0024796778465234204
2020-12-03,-0.00033811793473055313
2020-12-04,-0.004279293875504231
2020-12-07,0.01273619828615652
2020-12-08,-0.002644008715897939
2020-12-09,-0.01612786630662841
2020-12-10,0.007650171008229157
2020-12-11,-0.0023267905184029994
2020-12-14,0.016944916318780114
2020-12-15,-0.002420178184473043
2020-12-16,0.0013525503527452632
2020-12-17,0.0028197994197141207
2020-12-18,0.005158203506811321
2020-12-21,-0.005090573346511907
2020-12-22,0.001140234154015795
2020-12-23,-0.005471604925079566
2020-12-24,0.00024371988086973034
2020-12-28,0.004693743270472351
2020-12-29,0.001386655558103089
2020-12-30,0.0023474335782742942
2020-12-31,-0.005623747472129548
2021-01-04,0.0075638399070239275
2021-01-05,0.0027425079365502886
2021-01-06,-0.022873154343923632
2021-01-07,0.017724646951493915
2021-01-08,0.005795111827404687
2021-01-11,-0.008515936476003794
2021-01-12,-0.0010754758888620313
2021-01-13,-0.0007974595906106497
2021-01-14,-0.007516406935103704
2021-01-15,-0.0035221048772302813
2021-01-19,0.007173108903444959
2021-01-20,0.007356692100535033
2021-01-21,0.013483641898694998
2021-01-22,0.005025183849484894
2021-01-25,0.008053650980755334
2021-01-26,0.004263664226517772
2021-01-27,-0.0021561541896969807
2021-01-28,-0.013667123400168256
2021-01-29,-0.0039043377119074574
2021-02-01,0.010114511255136183
2021-02-02,0.0014512881479935603
2021-02-03,-0.005514857214537816
2021-02-04,-0.005769816303584884
2021-02-05,-0.0015240068537941019
2021-02-08,0.005367815121570918
2021-02-09,-0.0016602882944674606
2021-02-10,-0.0006176504267490614
2021-02-11,0.003594127038776096
2021-02-12,-0.0026422432746990854
2021-02-16,-0.0026802858140105193
2021-02-17,-0.005793305857936404
2021-02-18,-0.0028698647860731065
2021-02-19,-0.0032071551420019048
2021-02-22,-0.022239357802595595
2021-02-23,-0.0037902168938605207
2021-02-24,0.000693322391189799
2021-02-25,-0.018019160999902986
2021-02-26,0.01243523430704897
2021-03-01,0.004924412236924684
2021-03-02,-0.0126041572144358
2021-03-03,-0.014209408354344685
2021-03-04,-0.0062216396171776885
2021-03-05,-0.009813506569372254
2021-03-08,-0.029019983635930932
2021-03-09,0.041351360356499625
2021-03-10,-0.010034838422604298
2021-03-11,0.017502179154511334
2021-03-12,-0.008540076499813953
2021-03-15,0.006268568065485357
2021-03-16,0.003155276247269279
2021-03-17,0.0038883371565669464
2021-03-18,-0.019918506218187512
2021-03-19,0.010335519598117994
2021-03-22,0.008586632827774422
2021-03-23,0.00017982573320981382
2021-03-24,-0.016415635303680644
2021-03-25,-0.007467763700020092
2021-03-26,-0.006694704147898533
2021-03-29,0.0018914934677353172
2021-03-30,-0.00020514772637383362
2021-03-31,0.01721229979585992
2021-04-01,0.006437079245199685
2021-04-05,0.006696869823613481
2021-04-06,-0.0020289572352831685
2021-04-07,0.004856098686589283
2021-04-08,0.005897587779912174
2021-04-09,-0.002110787770883615
2021-04-12,0.0018059177202116253
2021-04-13,0.016251775666131188
2021-04-14,-0.013385903662089707
2021-04-15,0.011137267883036709
2021-04-16,-0.004326863843017004
2021-04-19,-0.007427413870349422
2021-04-20,-0.0010460300829559285
2021-04-21,0.0028500297795606942
2021-04-22,-0.00869873379481102
2021-04-23,0.007457953211047898
2021-04-26,0.007964688613163684
2021-04-27,-0.005457672212479436
2021-04-28,-0.004248029110047014
2021-04-29,-0.0011917687142642304
2021-04-30,0.0006684814839600928
2021-05-03,-0.012421983249625623
2021-05-04,-0.011198942245817037
2021-05-05,-0.0028960551481413306
2021-05-06,-0.0012468674515843528
2021-05-07,0.0009442546181217988
2021-05-10,-0.020170553796829326
2021-05-11,0.00648582189061293
2021-05-12,-0.005583149856636101
2021-05-13,-0.010788330609835617
2021-05-14,0.009219246328959964
2021-05-17,-0.0018868941251575016
2021-05-18,0.0017116879436149248
2021-05-19,0.003281529369122127
2021-05-20,0.009342345411742146
2021-05-21,-0.003733761711330885
2021-05-24,0.0096667523954352
2021-05-25,0.004462869514813195
2021-05-26,0.00230872955944872
2021-05-27,-0.001473555671297866
2021-05-28,0.003217648756544877
2021-06-01,0.0011879388793734182
2021-06-02,0.0016139325156717568
2021-06-03,-0.009047338920408144
2021-06-04,0.010077598136095833
2021-06-07,0.005239743404357133
2021-06-08,-0.00047710592848951836
2021-06-09,-0.0014143072431078599
2021-06-10,0.004973100079062142
2021-06-11,0.0017364319703019326
2021-06-14,0.007699422061316552
2021-06-15,-0.006017016527095798
2021-06-16,0.0037238507663962415
2021-06-17,0.01973069548380796
2021-06-18,0.007277724151667075
2021-06-21,-0.012624927206606717
2021-06-22,0.006188044306161655
2021-06-23,0.007469708413601762
2021-06-24,0.0028600953365868556
2021-06-25,-0.00823215745323429
2021-06-28,0.01620401803147488
2021-06-29,0.0028717965936435165
2021-06-30,0.0018330894848808564
2021-07-01,-0.002528326423663829
2021-07-02,0.0037326038133645763
2021-07-06,0.004768457270064386
2021-07-07,-0.00833441615420304
2021-07-08,0.001007050409866683
2021-07-09,-0.0019170855548597647
2021-07-12,0.003997189615263097
2021-07-13,-0.0011196601518367764
2021-07-14,-0.005067842877636452
2021-07-15,-0.008674358965347993
2021-07-16,-0.00498166903104047
2021-07-19,0.009428916641334417
2021-07-20,-0.003432188674633461
2021-07-21,0.0028908977103630842
2021-07-22,0.006374047047302279
2021-07-23,0.00017175684584022112
2021-07-26,-9.9088453144003e-05
2021-07-27,-0.006843199643238276
2021-07-28,0.011753413914390654
2021-07-29,0.0034378571362488897
2021-07-30,-0.0015994910244015127
2021-08-02,0.007862695914399809
2021-08-03,0.0007257202882011149
2021-08-04,0.013857602954304694
2021-08-05,-0.004908818824008709
2021-08-06,-0.009150472367363027
2021-08-09,-0.0006476488966285501
2021-08-10,-0.006542358403181104
2021-08-11,-0.0030585747921800027
2021-08-12,0.003431678612441603
2021-08-13,0.004521013501119242
2021-08-16,-0.008177216861192927
2021-08-17,-0.006739766832854009
2021-08-18,0.001029209749657355
2021-08-19,0.001492901375951084
2021-08-20,0.006426474783498582
2021-08-23,0.012291662766453548
2021-08-24,-0.0004019604337034408
2021-08-25,0.0008648448964285963
2021-08-26,-0.0011986547327341168
2021-08-27,0.006372170452518833
2021-08-30,0.008616821984019361
2021-08-31,2.4109087328238847e-05
2021-09-01,0.0014269164211882963
2021-09-02,-0.005334816833119938
2021-09-03,0.0049613502870541676
2021-09-07,0.008066764372523683
2021-09-08,-0.006141134015364591
2021-09-09,0.0001931155385149425
2021-09-10,4.536120760553243e-05
2021-09-13,-0.0027252031137759867
2021-09-14,0.005247163149825906
2021-09-15,-0.0023500222973902524
2021-09-16,0.0014890912981084027
2021-09-17,-0.0032994529198081338
2021-09-20,-0.008471467193462746
2021-09-21,0.0057341291881810585
2021-09-22,-0.0004278851709573761
2021-09-23,-0.0017684986732989776
2021-09-24,0.0005360299355413158
2021-09-27,0.0013554088375307585
2021-09-28,-0.011347725535883077
2021-09-29,-0.003677241061168213
2021-09-30,0.011251844934389132
2021-10-01,-0.005579761601532218
2021-10-04,-0.01011108557782582
2021-10-05,0.0038968007435521528
2021-10-06,0.00323377870242314
2021-10-07,0.0017014145375805374
2021-10-08,-0.0026856351341188033
2021-10-11,0.0023019785913749088
2021-10-12,0.0020635736684397887
2021-10-13,0.006820333439075399
2021-10-14,0.0007796242662056127
2021-10-15,0.001537259134375234
2021-10-18,0.013337880755969377
2021-10-19,-0.002762275308671747
2021-10-20,-0.004543894259059977
2021-10-21,0.008257907922812158
2021-10-22,-0.006361892850085461
2021-10-25,0.013554222787971491
2021-10-26,0.004689104530277311
2021-10-27,0.007010315078112339
2021-10-28,0.004090668591090153
2021-10-29,0.0032819329889801968
2021-11-01,0.012888157904605636
2021-11-02,-0.0015906821253896864
2021-11-03,0.007389543273969415
2021-11-04,0.01996010770238193
2021-11-05,-0.0013889420929506955
2021-11-08,0.006446691670488536
2021-11-09,-0.009781417533971937
2021-11-10,-0.009458497327102144
2021-11-11,0.0080976920390624
2021-11-12,0.001544889375983639
2021-11-15,-0.0023173786523893684
2021-11-16,0.005932147008370681
2021-11-17,0.0025718068334199644
2021-11-18,0.015887733124011483
2021-11-19,0.013182814834686953
2021-11-22,-0.007426021544824546
2021-11-23,-0.00958515757495544
2021-11-24,0.007900741783728151
2021-11-26,-0.0031916671789079115
2021-11-29,0.014305360810501176
2021-11-30,0.007545649433691003
2021-12-01,-0.013032640917532881
2021-12-02,-0.01036522007367211
2021-12-03,-0.015927990783115756
2021-12-06,-0.007079260615010318
2021-12-07,0.01333043353386991
2021-12-08,0.0031952095196878146
2021-12-09,-0.013849973984155953
2021-12-10,-0.002279670821990519
2021-12-13,-0.012980502114713945
2021-12-14,0.0012975441064749802
2021-12-15,0.016019053304932987
2021-12-16,-0.0233243860909143
2021-12-17,0.005881768289252264
2021-12-20,-0.003885127018461488
2021-12-21,0.01209759894222038
2021-12-22,0.00402894033519028
2021-12-23,0.006208108718982209
2021-12-27,0.00915760461904416
2021-12-28,-0.003590361440230506
2021-12-29,-0.007340675628585014
2021-12-30,-0.0038307078755859033
2021-12-31,-0.00598184745938566
2022-01-03,0.02167428566916763
2022-01-04,-0.017099888472329818
2022-01-05,-0.01593667054540731
2022-01-06,-2.3050077755415433e-05
2022-01-07,-0.007564788667765422
2022-01-10,0.00230278392689085
2022-01-11,0.0071750758347103975
2022-01-12,0.004587997046743142
2022-01-13,-0.016911558635177584
2022-01-14,0.010918926629655967
2022-01-18,-0.007943661962431917
2022-01-19,-0.00415054826407113
2022-01-20,-0.0057517563278521
2022-01-21,-0.010878362327101102
2022-01-24,-0.004908398895760812
2022-01-25,-0.011970290659081353
2022-01-26,0.0051966216585001895
2022-01-27,-0.018727707716417574
2022-01-28,0.005252844394418397
2022-01-31,0.02690151883459333
2022-02-01,-9.945375763895613e-05
2022-02-02,0.00018294011674290303
2022-02-03,-0.03294052828960477
2022-02-04,0.02010366070978819
2022-02-07,-0.0046876336130925456
2022-02-08,0.004369108549674072
2022-02-09,0.0100384067873137
2022-02-10,-0.006933927468334333
2022-02-11,-0.020748633550022676
2022-02-14,0.007044059893467947
2022-02-15,0.01734786864752269
2022-02-16,-0.004818283934746759
2022-02-17,-0.013758468335400176
2022-02-18,-0.004505638439604911
2022-02-22,-0.00163241545853182
2022-02-23,-0.014562111996451292
2022-02-24,0.021802653745725813
2022-02-25,-0.004127954465663806
2022-02-28,0.012556975459762221
2022-03-01,-0.009459900354635141
2022-03-02,0.0018212881814209138
2022-03-03,-0.01760164682237555
2022-03-04,-0.010081072908799185
2022-03-07,-0.014500080048297961
2022-03-08,0.011047762588892118
2022-03-09,0.014218762320492559
2022-03-10,-0.00635988500248056
2022-03-11,-0.010642196491372644
2022-03-14,-0.011790337731348102
2022-03-15,0.016779744073010264
2022-03-16,0.020671219742137974
2022-03-17,-0.0021124617211038393
2022-03-18,0.0162609463306912
2022-03-21,0.0024311769795913093
2022-03-22,0.006953474183190655
2022-03-23,0.0024141517511807598
2022-03-24,0.013182255779065136
2022-03-25,-0.005325173069085132
2022-03-28,0.011488138859036854
2022-03-29,0.003996219700921212
2022-03-30,-0.007028347572076701
2022-03-31,-0.008148969861793767
2022-04-01,-0.00238300918708676
2022-04-04,0.016461170884426713
2022-04-05,-0.012345802303621745
2022-04-06,-0.01998543162429809
2022-04-07,-0.0041154588892534875
2022-04-08,-0.01416971225138073
2022-04-11,-0.012940120896265464
2022-04-12,-0.001915294642827037
2022-04-13,0.00984638611280977
2022-04-14,-0.014822428126591347
2022-04-18,0.005542274942756853
2022-04-19,0.005279421522393024
2022-04-20,-0.021775701904615252
2022-04-21,-0.009579074897856178
2022-04-22,0.004992128731343012
2022-04-25,0.005401532520088414
2022-04-26,-0.01938379626440405
2022-04-27,-0.0032931274607866153
2022-04-28,0.02377487230377836
2022-04-29,-0.00816235232969547
2022-05-02,0.01835802319572063
2022-05-03,-0.0004063233483442615
2022-05-04,0.00862451979377668
2022-05-05,-0.021875052914816305
2022-05-06,-0.0013054051150691364
2022-05-09,-0.022173332560579996
2022-05-10,0.012083129443404794
2022-05-11,-0.02030168450311129
2022-05-12,-0.005874942827426845
2022-05-13,0.024639503510819852
2022-05-16,-0.009100080059899708
2022-05-17,0.015346777895045419
2022-05-18,-0.01294216956721455
2022-05-19,0.004550183255249496
2022-05-20,-0.01101417459404518
2022-05-23,-0.0007620541205451414
2022-05-24,-0.024870194402664525
2022-05-25,0.010644722458713889
2022-05-26,0.017077659317743216
2022-05-27,0.01111024072487938
2022-05-31,0.0058984763181037965
2022-06-01,-0.00039263185342715105
2022-06-02,0.01765872897551988
2022-06-03,-0.017181143674377244
2022-06-06,0.0032442224793345466
2022-06-07,-0.004252341878225196
2022-06-08,0.0025605649899105645
2022-06-09,-0.006786113194474853
2022-06-10,-0.01109118384113305
2022-06-13,-0.01727613110353801
2022-06-14,0.006237826585143336
2022-06-15,0.017403714720544874
2022-06-16,-0.014672386215839453
2022-06-17,0.00854376658730144
2022-06-21,0.0018396775650577554
2022-06-22,-0.002282375312038276
2022-06-23,-0.0008862273887465053
2022-06-24,0.009930473717505335
2022-06-27,-0.004435577187198081
2022-06-28,-0.0181897214365666
2022-06-29,-0.001675333286434032
2022-06-30,-0.007762200623917016
2022-07-01,-0.010433260576465219
2022-07-05,0.017853349338816993
2022-07-06,0.0019317139008526944
2022-07-07,0.01252825899954271
2022-07-08,0.002166920184167531
2022-07-11,-0.018437743597502575
2022-07-12,-0.0003386813037403284
2022-07-13,0.008846367694158232
2022-07-14,0.0037584803295687137
2022-07-15,0.0014018463668806318
2022-07-18,0.008789682288524203
2022-07-19,0.008068330977900072
2022-07-20,0.01563345584369763
2022-07-21,0.010420829955227907
2022-07-22,-0.013060596652318648
2022-07-25,-0.008638540977615551
2022-07-26,-0.014882585633313843
2022-07-27,0.02417469738990708
2022-07-28,-0.005221492322900588
2022-07-29,0.01356562741498666
2022-08-01,0.005663695373250876
2022-08-02,0.005869917816911186
2022-08-03,0.008331625860322725
2022-08-04,0.013081186414389979
2022-08-05,-0.012665837086579179
2022-08-08,-0.006793556229525589
2022-08-09,-0.010662343749888292
2022-08-10,0.014023155424258055
2022-08-11,-0.007931329955206711
2022-08-12,0.006859168292811212
2022-08-15,0.002644215652189387
2022-08-16,-0.004441107247579246
2022-08-17,-0.005094069582888196
2022-08-18,0.0008366635807724012
2022-08-19,-0.012314547202567177
2022-08-22,-0.007254053343299094
2022-08-23,0.0035944864574125827
2022-08-24,-0.00016755335763537528
2022-08-25,0.007463695148538972
2022-08-26,-0.010469238048603863
2022-08-29,-0.0070881298479553625
2022-08-30,-0.0029582453306300285
2022-08-31,0.0008697047627857163
2022-09-01,-0.011845375049598672
2022-09-02,-0.005914578098199442
2022-09-06,-0.0037871176003975836
2022-09-07,-0.00017367773942218376
2022-09-08,0.0032771943452084337
2022-09-09,0.011355179255168473
2022-09-12,0.001245677854067975
2022-09-13,-0.01994946357266568
2022-09-14,0.003300965026541226
2022-09-15,-0.002162938186512099
2022-09-16,0.0013726180135628088
2022-09-19,0.002355402350842216
2022-09-20,0.0019140114780778032
2022-09-21,0.0003912003191620418
2022-09-22,-0.01061080763191603
2022-09-23,-0.004276873707566152
2022-09-26,0.0006937599449823965
2022-09-27,0.00543552947842203
2022-09-28,0.0016545178161343696
2022-09-29,-0.015432829340969394
2022-09-30,0.002080103921319975
2022-10-03,-0.009454709856394426
2022-10-04,0.0014165372111288183
2022-10-05,-0.002598319607963329
2022-10-06,0.0032576138420762563
2022-10-07,-0.026298559709516188
2022-10-10,-0.0018434507359740612
2022-10-11,-0.0088436843806471
2022-10-12,0.002324468053744788
2022-10-13,-0.003041757489260489
2022-10-14,-0.016273764876935874
2022-10-17,0.018379526236623624
2022-10-18,-0.0055644243376232975
2022-10-19,0.0032403423262276857
2022-10-20,0.0010131352260391423
2022-10-21,-0.0028133327952072004
2022-10-24,-0.007990110221854552
2022-10-25,0.014854404643568936
2022-10-26,-0.018078680627472223
2022-10-27,-0.030885181588480394
2022-10-28,0.0004742327797532253
2022-10-31,-0.011588260325053935
2022-11-01,-0.002841972819715188
2022-11-02,-0.008963249598231804
2022-11-03,-0.0005214237304756904
2022-11-04,0.00475235903588337
2022-11-07,-0.00046396442810351345
2022-11-08,-0.002679353421461772
2022-11-09,-0.008765330192475253
2022-11-10,0.038557726541202625
2022-11-11,0.01624261026714733
2022-11-14,0.00019741956444061654
2022-11-15,0.007150962027543572
2022-11-16,-0.014460995521518305
2022-11-17,-0.001963162369816385
2022-11-18,-0.007977194163274137
2022-11-21,-0.013160863750362684
2022-11-22,0.005198347103579783
2022-11-23,0.012030222148484638
2022-11-25,-0.006973333185631503
2022-11-28,-0.00026743505741728957
2022-11-29,-0.004176701770639224
2022-11-30,0.023219494329280763
2022-12-01,0.0034231383325366575
2022-12-02,-0.0030112043401335333
2022-12-05,-0.003648256347251813
2022-12-06,-0.013737539282801161
2022-12-07,-0.003283251839902224
2022-12-08,0.007386210773586333
2022-12-09,0.0033917573085517237
2022-12-12,-0.006604556420182383
2022-12-13,0.005101417618056549
2022-12-14,-0.004836782756895211
2022-12-15,-0.006555678598375501
2022-12-16,-0.0005310650773143657
2022-12-19,-0.008271416651281161
2022-12-20,-0.006195747037770082
2022-12-21,0.0030292562784225985
2022-12-22,-0.0229833439354624
2022-12-23,-0.0038560458529738775
2022-12-27,-0.023538356435688367
2022-12-28,0.003615195378566161
2022-12-29,0.01612628455764458
2022-12-30,0.0020429492903700215
2023-01-03,-0.009660015322152814
2023-01-04,0.002482489837458645
2023-01-05,-0.0087160209033314
2023-01-06,0.004467361183035083
2023-01-09,0.02047881071246227
2023-01-10,0.00406566602597609
2023-01-11,0.0076187169136038325
2023-01-12,0.008740443591506886
2023-01-13,0.003990392411731259
2023-01-17,0.013039526615402867
2023-01-18,0.0022223246147622285
2023-01-19,-0.004202523779931244
2023-01-20,0.01349741389052235
2023-01-23,0.022928720429846193
2023-01-24,-0.0017278019451246636
2023-01-25,-0.0005004424978332755
2023-01-26,0.01687972497723087
2023-01-27,0.020525396432864284
2023-01-30,-0.016936154109519107
2023-01-31,0.00538124714272388
2023-02-01,0.02575111763604436
2023-02-02,0.041114381900970255
2023-02-03,-0.007318019563979518
2023-02-06,-0.0006878072882424702
2023-02-07,0.00885081427098382
2023-02-08,0.00027065864132194
2023-02-09,0.002166065770500313
2023-02-10,-0.017892552360089336
2023-02-13,0.005253969778860126
2023-02-14,0.01766211417557385
2023-02-15,-0.001186039433303288
2023-02-16,-0.014209264747498087
2023-02-17,-0.0032720537361215947
2023-02-21,-0.004358100631463739
2023-02-22,0.0033944067488776543
2023-02-23,0.017513469519022884
2023-02-24,-0.007361709982552998
2023-02-27,0.006870936021582541
2023-02-28,0.00320315886389575
2023-03-01,-0.0054808939470258125
2023-03-02,-0.003992956751582687
2023-03-03,0.01066376947197021
2023-03-06,-0.003715326284712151
2023-03-07,0.00488553714743316
2023-03-08,0.005523815973365254
2023-03-09,-0.0016409601695147602
2023-03-10,0.0014394061248133444
2023-03-13,0.007212365494113859
2023-03-14,0.018898555107550785
2023-03-15,0.010468881031979472
2023-03-16,0.01697714287364034
2023-03-17,0.00376552084068711
2023-03-20,-0.00718894284102195
2023-03-21,0.005908110069476526
2023-03-22,0.008614899955217858
2023-03-23,0.009630487767732423
2023-03-24,-0.008468328217647203
2023-03-27,-0.007686159439501184
2023-03-28,-0.00465779587192915
2023-03-29,0.005263504475289799
2023-03-30,0.006006428059219051
2023-03-31,0.0035282536200327737
2023-04-03,-0.0099045138237838
2023-04-04,0.002752355014319174
2023-04-05,-0.015005615145690598
2023-04-06,0.003920543583980418
2023-04-10,0.0013053043412191156
2023-04-11,-0.0077677958292435845
2023-04-12,-0.006823803407336626
2023-04-13,0.007164716427655541
2023-04-14,0.0009684643499657251
2023-04-17,-0.003158832107357845
2023-04-18,0.0003559648937914383
2023-04-19,0.00035116233752157083
2023-04-20,-0.011540614246870251
2023-04-21,0.0007573250425593309
2023-04-24,-0.005820116489130611
2023-04-25,-0.006772091833779772
2023-04-26,0.015966963437842964
2023-04-27,0.017482735482317227
2023-04-28,-0.0017511436876622823
2023-05-01,0.0010439355935655801
2023-05-02,0.004240791552081022
2023-05-03,-0.006613744459758819
2023-05-04,0.009983194229540693
2023-05-05,0.007855631522758953
2023-05-08,0.00830163204026534
2023-05-09,-0.0013679645332552066
2023-05-10,0.005577137606493875
2023-05-11,0.005009736249685093
2023-05-12,-0.008293703126798757
2023-05-15,0.004892013045987631
2023-05-16,0.012966811365392582
2023-05-17,0.005526308648389877
2023-05-18,0.010541763204499201
2023-05-19,-0.0021884640350484435
2023-05-22,0.007406004668095257
2023-05-23,0.00032941681609823664
2023-05-24,0.005121193765743904
2023-05-25,0.03499696514907303
2023-05-26,0.01659392803862272
2023-05-30,0.006946070071732402
2023-05-31,-0.007436993491508705
2023-06-01,0.009835209271657222
2023-06-02,-0.0074078366791915495
2023-06-05,0.002439634069327912
2023-06-06,0.004896903895750615
2023-06-07,-0.016789561633762873
2023-06-08,0.011609557777761938
2023-06-09,0.006869052885449912
2023-06-12,0.009305821954726692
2023-06-13,0.0003407993798688509
2023-06-14,0.008082320800301513
2023-06-15,-0.004679036313084705
2023-06-16,-0.003098570288079849
2023-06-20,0.009245212991090747
2023-06-21,-0.013234883339305573
2023-06-22,0.006893866829523098
2023-06-23,-0.00256900949693545
2023-06-26,-0.017184569130664816
2023-06-27,0.010218470908365609
2023-06-28,0.00035707328102737614
2023-06-29,-0.005353306975403083
2023-06-30,0.007311757507972527
2023-07-03,0.006661294138612028
2023-07-05,0.0018353670178648202
2023-07-06,0.00018206527117181626
2023-07-07,0.001778752615945267
2023-07-10,-0.0075483817712223575
2023-07-11,-0.00287244339174355
2023-07-12,0.010713425499947204
2023-07-13,0.010109213336017178
2023-07-14,-0.00026653244600641777
2023-07-17,0.006934524126883668
2023-07-18,0.0011520185048251048
2023-07-19,-0.0022460231498386165
2023-07-20,-0.026891959650988007
2023-07-21,-0.007482839467991256
2023-07-24,-0.0009044372763377766
2023-07-25,0.005120897701586292
2023-07-26,-0.006184986668815617
2023-07-27,0.005353329518507598
2023-07-28,0.013202335891287165
2023-07-31,-0.0013625395044857824
2023-08-01,0.0006148562960745399
2023-08-02,-0.01556020811140776
2023-08-03,0.007575798769198306
2023-08-04,0.007544789021696983
2023-08-07,-0.002252676912938168
2023-08-08,-0.006748039023275131
2023-08-09,-0.011146333016511849
2023-08-10,0.0015833823444015291
2023-08-11,-0.010062964220124992
2023-08-14,0.010608126619967587
2023-08-15,1.0315192398684114e-06
2023-08-16,-0.008415884160457278
2023-08-17,-0.006935168995606979
2023-08-18,-0.0025560618187997707
2023-08-21,0.02032849114393269
2023-08-22,-0.0023320059306639277
2023-08-23,0.007898817769937637
2023-08-24,-0.010505929093922207
2023-08-25,-0.0004862471889771503
2023-08-28,0.0008917678861550043
2023-08-29,0.01316989155628754
2023-08-30,-0.00046583616414409487
2023-08-31,0.003161919384422185
2023-09-01,-0.003107553467975634
2023-09-05,0.011242018501141315
2023-09-06,-0.006813832611984441
2023-09-07,-0.005071146594817999
2023-09-08,-0.002732244847543364
2023-09-11,0.013392580987344995
2023-09-12,-0.006197338924413168
2023-09-13,0.007886843831472323
2023-09-14,-0.0011331858071419567
2023-09-15,-0.009751283503289621
2023-09-18,-0.0018648966768400107
2023-09-19,-0.00010959957746706781
2023-09-20,-0.006971197917430807
2023-09-21,-0.005723718393291194
2023-09-22,0.0004245040910116572
2023-09-25,0.0030355544172862804
2023-09-26,-0.001698472045587554
2023-09-27,0.0008519171238550061
2023-09-28,0.00752229501379369
2023-09-29,0.005220569952451947
2023-10-02,0.01119458269392033
2023-10-03,-0.007948315737339805
2023-10-04,0.011745493066049661
2023-10-05,0.0004173486259126391
2023-10-06,0.008056285010055488
2023-10-09,-0.0043271427151298945
2023-10-10,0.0031881094986911836
2023-10-11,0.004430971993042765
2023-10-12,0.0025480610125431574
2023-10-13,-0.014013591602743711
2023-10-16,0.0019421316086188165
2023-10-17,-0.006759117397601167
2023-10-18,-0.008770946327934678
2023-10-19,-0.0040321011002216085
2023-10-20,-0.004172470112874058
2023-10-23,0.007559880014370534
2023-10-24,0.0020022080649914186
2023-10-25,-0.01028302631130456
2023-10-26,-0.012071091383234332
2023-10-27,0.01944880686119178
2023-10-30,-0.0024740785545403505
2023-10-31,-0.0014992633309619417
2023-11-01,0.019612100774053752
2023-11-02,-0.001307135980361293
2023-11-03,0.005091688677146523
2023-11-06,0.0026594294082803336
2023-11-07,0.006727004703187612
2023-11-08,0.0016477140194346763
2023-11-09,-0.0005231806684369306
2023-11-10,0.0078033663370576725
2023-11-13,0.001867029636305473
2023-11-14,0.005222430329758668
2023-11-15,-0.004967010067269029
2023-11-16,0.00016004395234414702
2023-11-17,0.0008726366994456949
2023-11-20,0.003513396622981826
2023-11-21,-0.003601371965649536
2023-11-22,-0.000549345416771407
2023-11-24,-0.003420850506892271
2023-11-27,0.002649473748416276
2023-11-28,0.004994652764445007
2023-11-29,-0.0022871445997300517
2023-11-30,-0.011739433104139852
2023-12-01,-0.004767363514419298
2023-12-04,-0.008636709156573521
2023-12-05,0.007323330316096555
2023-12-06,-0.0036310469835150964
2023-12-07,0.014830974931526898
2023-12-08,0.0033634949712687432
2023-12-11,-0.0070400849455835475
2023-12-12,0.005624170953591889
2023-12-13,-0.004478900141924902
2023-12-14,3.360116542305922e-05
2023-12-15,0.007313094780391815
2023-12-18,0.0011303767702662386
2023-12-19,0.00024370049234356903
2023-12-20,-0.0038271780177706743
2023-12-21,0.005416592950348154
2023-12-22,-0.0036600888885045756
2023-12-26,0.0027712811519093102
2023-12-27,0.0038552061760267044
2023-12-28,-0.0008258411717028905
2023-12-29,-0.0031080873215400765
2024-01-02,-0.015098648499499202
2024-01-03,-0.004407094889157082
2024-01-04,-0.00015144569588491094
2024-01-05,0.004366214028480398
2024-01-08,0.012072734237332905
2024-01-09,0.003322732013062213
2024-01-10,0.004971135850892218
2024-01-11,-0.0008313775811402693
2024-01-12,-0.0030128807774793985
2024-01-16,0.009631933515534596
2024-01-17,0.00020379585180110328
2024-01-18,0.003575254951760743
2024-01-19,0.00857751519964689
2024-01-22,-0.006522439383188906
2024-01-23,0.0013897229906233658
2024-01-24,0.010418364401795178
2024-01-25,-0.013460912567982677
2024-01-26,-0.0014331672103663042
2024-01-29,0.0055162501346188615
2024-01-30,-0.00659089546682683
2024-01-31,-0.004118247806211228
2024-02-01,0.0020147856180099417
2024-02-02,0.029490364246166155
2024-02-05,-0.002705032986328481
2024-02-06,-0.005598142013564978
2024-02-07,0.005663515929510065
2024-02-08,-0.0016780206041339786
2024-02-09,0.008051950344914639
2024-02-12,-0.005741005120941934
2024-02-13,-0.0010220779785342863
2024-02-14,0.008254422379697025
2024-02-15,-0.0006916299257535346
2024-02-16,-0.002032068712755154
2024-02-20,-0.010210544471694338
2024-02-21,-0.003976537790941726
2024-02-22,0.024587485432124197
2024-02-23,-0.007722271273522986
2024-02-26,0.004969516980459231
2024-02-27,0.0008685048967110309
2024-02-28,-0.0025334971168145095
2024-02-29,0.013172457901392098
2024-03-01,0.006964443144763986
2024-03-04,-0.005758248306676195
2024-03-05,-0.00576952427277333
2024-03-06,0.0011045770245549646
2024-03-07,0.006380195999700813
2024-03-08,-0.0073289653644032955
2024-03-11,-0.010549050962169359
2024-03-12,0.009977817018766443
2024-03-13,-0.010484382974685649
2024-03-14,-0.006597014709415382
2024-03-15,0.0009940344015455169
2024-03-18,0.005827882375041038
2024-03-19,-0.006898906039577835
2024-03-20,0.0022457833314248783
2024-03-21,-0.006098982179430535
2024-03-22,0.004659113968703499
2024-03-25,0.0003140068630184899
2024-03-26,-0.0018846176172589105
2024-03-27,-0.004427440524158987
2024-03-28,-0.004184935866861051
2024-04-01,0.0045410582582585905
2024-04-02,-0.0046545715403628184
2024-04-03,0.004458997263726539
2024-04-04,-0.002880176385466693
2024-04-05,0.002004969438145276
2024-04-08,0.0014194009730920665
2024-04-09,0.0011936088523448966
2024-04-10,0.0024620433078507246
2024-04-11,0.010590452065419177
2024-04-12,-0.004161763244253429
2024-04-15,-0.008464314649009153
2024-04-16,-0.0006462307794946058
2024-04-17,-0.01022358194706794
2024-04-18,-0.0028086597677769998
2024-04-19,-0.020791315451180993
2024-04-22,-0.0011924425624330482
2024-04-23,0.006295853807018137
2024-04-24,0.00855086748801731
2024-04-25,-0.0014901050077746544
2024-04-26,0.006582762891110341
2024-04-29,0.014811835275365701
2024-04-30,-0.006175553932254985
2024-05-01,-0.007185443378502656
2024-05-02,0.00603938903177734
2024-05-03,0.010172881833515682
2024-05-06,0.006727057494002733
2024-05-07,-0.0074679302534296785
2024-05-08,-0.0017677464425894576
2024-05-09,-0.005737654800912595
2024-05-10,-0.002894774938339728
2024-05-13,0.0013418156438511518
2024-05-14,0.005636381810698764
2024-05-15,0.0016923523834054509
2024-05-16,-0.0001297358192507772
2024-05-17,-0.00013265238950138647
2024-05-20,0.002411926382216811
2024-05-21,0.004400241378005698
2024-05-22,-0.0013908606183631001
2024-05-23,0.0035582085200527736
2024-05-24,0.010190216576232959
2024-05-28,0.009566493649654551
2024-05-29,-0.000810228962847704
2024-05-30,-0.001489328133158387
2024-05-31,-0.01016604293727542
2024-06-03,0.005955527452632626
2024-06-04,-0.0020569353927260892
2024-06-05,0.00896724326413876
2024-06-06,0.0022905914123042995
2024-06-07,0.0006513731816212507
2024-06-10,-0.005420745847480401
2024-06-11,0.0036249379098404868
2024-06-12,0.008212588922112463
2024-06-13,0.0018606965223642033
2024-06-14,-0.002259367800216994
2024-06-17,0.0022044017077299857
2024-06-18,-0.0056788773218756534
2024-06-20,0.0008789241041151641
2024-06-21,-0.0031331938935114214
2024-06-24,-0.006025665063592046
2024-06-25,0.010927584564056271
2024-06-26,0.008390499908690665
2024-06-27,0.0029553403996471442
2024-06-28,-0.0038120241007115873
2024-07-01,0.00996201517094514
2024-07-02,0.012923466371855465
2024-07-03,0.008627098684146605
2024-07-05,0.012082718356603996
2024-07-08,0.003380907538300437
2024-07-09,0.0033066605093165944
2024-07-10,0.0046568220749653826
2024-07-11,-0.01994321927049695
2024-07-12,-0.001876863090508528
2024-07-15,-0.0023899158017204104
2024-07-16,-0.00776877856909648
2024-07-17,-0.023240602014619062
2024-07-18,0.004013444174109571
2024-07-19,-0.005681357073805238
2024-07-22,0.008957228890922087
2024-07-23,-0.00018300149761615327
2024-07-24,-0.024716378149871897
2024-07-25,-0.00606221811882306
2024-07-26,2.077618236311432e-05
2024-07-29,0.004176825061462474
2024-07-30,-0.010726558388800912
2024-07-31,0.017081394789830076
2024-08-01,-0.012286790251956912
2024-08-02,-0.00560617309393718
2024-08-05,-0.002746752114470251
2024-08-06,-0.0011328861784755985
2024-08-07,-0.004878309377937373
2024-08-08,0.008738650600593575
2024-08-09,0.0002356531417652026
2024-08-12,0.004864590172103433
2024-08-13,0.012108106597786123
2024-08-14,-0.004028537136832755
2024-08-15,0.012378894663580733
2024-08-16,-0.0002460584218494932
2024-08-19,0.00742420644397156
2024-08-20,-0.0004898614026694562
2024-08-21,0.0032996123484987146
2024-08-22,-0.014267841770877032
2024-08-23,0.005892419475616285
2024-08-26,-0.010822667187505998
2024-08-27,-0.0020020516814884814
2024-08-28,-0.00620527677476288
2024-08-29,-0.003484134236892822
2024-08-30,0.0052476929856739365
2024-09-03,-0.012940504871818963
2024-09-04,0.004288084515594292
2024-09-05,0.01121148803313281
2024-09-06,-0.014740690125027399
2024-09-09,0.00547151549366123
2024-09-10,0.01015248494187827
2024-09-11,0.014862828226111777
2024-09-12,0.0025735701029605765
2024-09-13,-0.0023489104931734726
2024-09-16,-0.006496528948957259
2024-09-17,0.0008044231329468517
2024-09-18,-0.0010808358476394053
2024-09-19,0.017449911603469766
2024-09-20,-0.0039728736754798925
2024-09-23,0.004777996939167018
2024-09-24,0.0051830677255322866
2024-09-25,0.007201049803986781
2024-09-26,0.0019379825396230958
2024-09-27,-0.0038994523498570906
2024-09-30,-0.0007037553321399661
2024-10-01,-0.006371657107660446
2024-10-02,-0.003219475994554399
2024-10-03,0.0020118255328425145
2024-10-04,0.009522856407162328
2024-10-07,-0.0033153747554783286
2024-10-08,0.004126303234503437
2024-10-09,-0.004900023798527153
2024-10-10,-0.0029208385082334703
2024-10-11,-0.009330853444778364
2024-10-14,-0.003288824521721822
2024-10-15,-0.005172605150609022
2024-10-16,-0.0032647256916483952
2024-10-17,0.001244575756316069
2024-10-18,0.0007939949340317618
2024-10-21,0.005663332748070071
2024-10-22,0.0005781147189310005
2024-10-23,-0.008364245915743706
2024-10-24,0.023578046765243544
2024-10-25,0.009464952013407102
2024-10-28,-0.0011848173143822363
2024-10-29,0.007744450546909521
2024-10-30,-0.011947639469465855
2024-10-31,-0.011371830190964105
2024-11-01,0.0029159219010090557
2024-11-04,-0.003882153640447917
2024-11-05,0.003980482636158845
2024-11-06,0.00622208251823236
2024-11-07,0.012920256611255222
2024-11-08,-0.0013976010103346924
2024-11-11,0.0021213813584944783
2024-11-12,-0.0032118096280893465
2024-11-13,-0.002444261018600735
2024-11-14,-0.0008269219846296699
2024-11-15,-0.006526271737679237
2024-11-18,0.00610177996236724
2024-11-19,0.008146676674653163
2024-11-20,-0.004070178971770134
2024-11-21,-0.0077924210407908645
2024-11-22,-0.0006318515173843737
2024-11-25,-0.0035478855927046807
2024-11-26,0.0011227934731912192
2024-11-27,-0.004405821256034937
2024-11-29,0.005872337650542913
2024-12-02,0.014279707073130754
2024-12-03,0.0059313168842412235
2024-12-04,0.0062864028601086214
2024-12-05,0.004564819360296201
2024-12-06,0.006181253699781432
2024-12-09,-0.003579907203467481
2024-12-10,-0.000621905100682496
2024-12-11,0.011669270859409667
2024-12-12,0.0002674899490907037
2024-12-13,-0.002823735989081777
2024-12-16,0.006698288563484945
2024-12-17,0.004002413033354834
2024-12-18,-0.005673004181554767
2024-12-19,-0.0002856379896135296
2024-12-20,-0.01088486244520095
2024-12-23,0.008840602274903065
2024-12-24,0.005905271844592157
2024-12-26,-0.004376046222058882
2024-12-27,-0.00412998712310947
2024-12-30,-0.0020177430521979393
2024-12-31,-0.007926302373721793
2025-01-02,-0.0019111465369600067
2025-01-03,0.01121349038372425
2025-01-06,0.011132973881757532
2025-01-07,-0.010829735140825868
2025-01-08,-0.0061877157128654384
2025-01-10,-0.0015737881527479805
2025-01-13,-0.0036813765449698723
2025-01-14,-0.008044582016676993
2025-01-15,0.012841309350230118
2025-01-16,-0.011712966586350772
2025-01-17,0.006209722864301215
2025-01-21,-0.004091587815546227
2025-01-22,0.007121457122940912
2025-01-23,-0.0029136882240088924
2025-01-24,-0.0016306221239462786
2025-01-27,-0.013216104506831347
2025-01-28,0.01220435854981642
2025-01-29,-0.0004514347756089049
2025-01-30,-0.004576834874546432
2025-01-31,-0.00044398664721557665
2025-02-03,-0.008552283324844877
2025-02-04,0.010399686416673038
2025-02-05,-0.009376512918927427
2025-02-06,0.001217438401668625
2025-02-07,-0.006056725955350553
2025-02-10,0.001301951221385345
2025-02-11,-0.005062661115148647
2025-02-12,0.0053440291489254554
2025-02-13,0.005424140877305694
2025-02-14,0.005540824363697039
2025-02-18,-0.004287033939452644
2025-02-19,-0.0011410569408714657
2025-02-20,6.859193173569533e-05
2025-02-21,-0.005589861615279225
2025-02-24,-0.009730330114739182
2025-02-25,-0.014386018041514514
2025-02-26,0.0014807569770593386
2025-02-27,-0.014198480814606639
2025-02-28,0.001736283096626278
2025-03-03,-0.008396905395896003
2025-03-04,0.006420200979771473
2025-03-05,0.006757703265954807
2025-03-06,-0.011002966749368917
2025-03-07,-0.0008431709139580575
2025-03-10,-0.021374183489781505
2025-03-11,0.01238870760066636
2025-03-12,0.017630913374806226
2025-03-13,-0.007982446168441206
2025-03-14,0.007096864732482704
2025-03-17,-0.009176145608602115
2025-03-18,-0.009060725965973487
2025-03-19,0.004991073770071311
2025-03-20,0.0026728172330495294
2025-03-21,0.008659124562233524
2025-03-24,0.017317014563024258
2025-03-25,0.006726838479002085
2025-03-26,-0.014433597320792205
2025-03-27,-0.0033883867871237205
2025-03-28,-0.008213581178985463
2025-03-31,-0.010465531565086793
2025-04-01,0.008835531409764098
2025-04-02,0.003141413549774508
2025-04-03,-0.01483159370516983
2025-04-04,-0.006053958442381588
2025-04-07,-0.001974450325045385
2025-04-08,-0.01075915831837685
2025-04-09,0.04168776033421434
2025-04-10,-0.006430593763570296
2025-04-11,0.004236147333292518
2025-04-14,-0.0076792496640736615
2025-04-15,0.0021740387511078427
2025-04-16,-0.016716642320922556
2025-04-17,-0.0048421808162821154
2025-04-21,-0.004596517068359087
2025-04-22,0.0007416568913958047
2025-04-23,0.015718890962743506
2025-04-24,0.007840188909724426
2025-04-25,0.016563908232551515
2025-04-28,-0.001672796815450983
2025-04-29,-0.0007128216713840115
2025-04-30,-0.00423463938395735
2025-05-01,0.011134191495010912
2025-05-02,0.00029251119893118974
2025-05-05,-0.0007337735583395231
2025-05-06,-0.0010700088975377237
2025-05-07,0.0036872917086177015
2025-05-08,0.003032608092372182
2025-05-09,0.007122281695838252
2025-05-12,0.017248963339287424
2025-05-13,0.015266461695782798
2025-05-14,0.012767915023470501
2025-05-15,-0.012805272239963805
2025-05-16,-0.0008693849011972895
2025-05-19,-0.004313345676914682
2025-05-20,-0.001034303692852301
2025-05-21,0.002159440789261823
2025-05-22,0.002403014078236554
2025-05-23,-0.002960944481137196
2025-05-27,0.008391642275848609
2025-05-28,-0.0008028055989778848
2025-05-29,0.0015943203178911299
2025-05-30,-0.0068072962900739935
2025-06-02,0.005985584551358737
2025-06-03,0.0008114993848360574
2025-06-04,0.003095550846005124
2025-06-05,-0.014810635333345909
2025-06-06,0.00432595933487776
2025-06-09,0.009892532021922251
2025-06-10,0.0054443987201296725
2025-06-11,-0.00480886815064373
2025-06-12,-0.004326183976480991
2025-06-13,0.0010411050266389867
2025-06-16,0.012011689767906831
2025-06-17,-0.0011259307567130783
2025-06-18,0.002451635585108625
2025-06-20,0.0015954867164310943
2025-06-23,0.0061029956891202365
2025-06-24,0.004501707925913333
2025-06-25,0.00365283822031719
2025-06-26,0.000724953052510656
2025-06-27,0.001048325906985604
2025-06-30,-0.005501211671145212
2025-07-01,-0.014729917326169718
2025-07-02,0.007314392644344803
2025-07-03,-0.0005981132024222898
2025-07-07,-0.007037793781025661
2025-07-08,0.00419906283399264
2025-07-09,0.0024238504767556627
2025-07-10,0.006394830373709016
2025-07-11,0.005102226019769807
2025-07-14,-0.0012625886928661065
2025-07-15,0.011486627081033495
2025-07-16,0.002357269713966448
2025-07-17,-0.00261094288168765
2025-07-18,0.002712852867488869
2025-07-21,0.0016529064378248085
2025-07-22,-0.004993108746080522
2025-07-23,0.0011090770823862905
2025-07-24,-0.002400370477823798
2025-07-25,0.0023484080531014145
2025-07-28,0.009573171273150771
2025-07-29,-0.002270114305006588
2025-07-30,0.0012361491886902164
2025-07-31,0.012230355392996575
2025-08-01,-0.009908813379050335
2025-08-04,0.0029577894276662346
2025-08-05,-0.0006832409828490321
2025-08-06,0.0024604399033507987
2025-08-07,0.010465728700649879
2025-08-08,0.0029089455424612283
2025-08-11,0.001288627712698165
2025-08-12,0.0013790867039859874
2025-08-13,0.0019918529445523856
2025-08-14,-0.0002798285572608863
2025-08-15,-0.0026705196154852336
2025-08-18,-0.001127939284862123
2025-08-19,-0.012627818115630952
2025-08-20,-0.005774700419324031
2025-08-21,-0.0022522747378372785
2025-08-22,0.007050871705286309
2025-08-25,0.0015623810124455791
2025-08-26,0.0021121381802317717
2025-08-27,-0.0017880111047501425
2025-08-28,-4.905359649063409e-05
2025-08-29,-0.010122334293834568
2025-09-02,-0.0017528526323645887
2025-09-03,0.0016351335552224787
2025-09-04,0.0024998363409077257
2025-09-05,-0.005645681171912321
2025-09-08,0.000386354675794487
2025-09-09,0.003865036784613451
2025-09-10,-0.0038965273211069907
2025-09-11,-0.000895367092662901
2025-09-12,0.013262652907964788
2025-09-15,0.006791670230588498
2025-09-16,0.004402329945292905
2025-09-17,-0.0024579869644687723
2025-09-18,-0.0028156861966631367
2025-09-19,0.005107572506514746
2025-09-22,0.004344697066679348
