Date,nav
2018-01-02,1.0
2018-01-03,1.0133056442805335
2018-01-04,1.017957568359877
2018-01-05,1.026780236141886
2018-01-08,1.0329644402980922
2018-01-09,1.033404609084497
2018-01-10,1.0330478357193926
2018-01-11,1.039526831623945
2018-01-12,1.0483067008822062
2018-01-16,1.043095528841838
2018-01-17,1.0529894848513623
2018-01-18,1.0520932616948342
2018-01-19,1.0562384380125625
2018-01-22,1.0659870689037856
2018-01-23,1.075260612699839
2018-01-24,1.0701913335251128
2018-01-25,1.070773308392649
2018-01-26,1.0844294062255857
2018-01-29,1.081788246408874
2018-01-30,1.0748795228075299
2018-01-31,1.0823283258746994
2018-02-01,1.071220024927428
2018-02-02,1.0530128462555421
2018-02-05,1.0143673539353788
2018-02-06,1.0444027779018454
2018-02-07,1.0335872897784435
2018-02-08,0.9974495731178566
2018-02-09,1.0156462289531907
2018-02-12,1.0302560107202912
2018-02-13,1.0387983010713489
2018-02-14,1.0576339505931562
2018-02-15,1.0737986185766226
2018-02-16,1.0698536245055559
2018-02-20,1.0730118509520703
2018-02-21,1.065985060068719
2018-02-22,1.0689529023813507
2018-02-23,1.0847155449104786
2018-02-26,1.0959906467879152
2018-02-27,1.0865752976049572
2018-02-28,1.07979793769735
2018-03-01,1.0640031009746846
2018-03-02,1.070460054446908
2018-03-05,1.0768102222223164
2018-03-06,1.0833240384532576
2018-03-07,1.083618438706309
2018-03-08,1.0878450104376527
2018-03-09,1.103937398012236
2018-03-12,1.1107973270080793
2018-03-13,1.1003341112562028
2018-03-14,1.0991462975447612
2018-03-15,1.0988821173692336
2018-03-16,1.0981741064994837
2018-03-19,1.080030076020191
2018-03-20,1.089674105257874
2018-03-21,1.084317794734162
2018-03-22,1.062302459300949
2018-03-23,1.038510762088947
2018-03-26,1.076948299608343
2018-03-27,1.0440415291691727
2018-03-28,1.0329497989376062
2018-03-29,1.0500426724854992
2018-04-02,1.0235358458988848
2018-04-03,1.0350096669380195
2018-04-04,1.0472558829984364
2018-04-05,1.0515711373329613
2018-04-06,1.0295949018948858
2018-04-09,1.0348389249641168
2018-04-10,1.0568304858947217
2018-04-11,1.051275938850437
2018-04-12,1.064654287335215
2018-04-13,1.0598150704403833
2018-04-16,1.0655864986837003
2018-04-17,1.0842411418529962
2018-04-18,1.0867278902323745
2018-04-19,1.0779057519376176
2018-04-20,1.0637104605678003
2018-04-23,1.059343792243969
2018-04-24,1.0425424066226063
2018-04-25,1.0390254388446938
2018-04-26,1.0576657753523622
2018-04-27,1.0644470288921968
2018-04-30,1.059763083638207
2018-05-01,1.068843755842617
2018-05-02,1.0691736959958138
2018-05-03,1.0744133611858204
2018-05-04,1.0902878492361103
2018-05-07,1.1013407476359725
2018-05-08,1.1018746981923548
2018-05-09,1.1115546809570565
2018-05-10,1.1217960218413203
2018-05-11,1.117913227324038
2018-05-14,1.1186380742607982
2018-05-15,1.1043762059253497
2018-05-16,1.1094433380833715
2018-05-17,1.1067125529927913
2018-05-18,1.1035709391393445
2018-05-21,1.109083447612901
2018-05-22,1.1066762594096364
2018-05-23,1.1146228958510442
2018-05-24,1.1136983758906782
2018-05-25,1.1152317298188121
2018-05-29,1.1102785265852555
2018-05-30,1.1190127490875108
2018-05-31,1.1167021375571495
2018-06-01,1.1306657238542623
2018-06-04,1.141285560452222
2018-06-05,1.146354330329485
2018-06-06,1.1504606164291766
2018-06-07,1.1438682403204172
2018-06-08,1.1433687287368806
2018-06-11,1.1428077192905455
2018-06-12,1.1462682327954314
2018-06-13,1.144147658063237
2018-06-14,1.1507518369162224
2018-06-15,1.1442929125352561
2018-06-18,1.1444518108357782
2018-06-19,1.1382244730205147
2018-06-20,1.1441582490034687
2018-06-21,1.134382277455435
2018-06-22,1.1298342999893636
2018-06-25,1.1067845842012003
2018-06-26,1.1147468527985138
2018-06-27,1.1016758612319826
2018-06-28,1.1132562934781671
2018-06-29,1.1122611568868592
2018-07-02,1.1197637207153952
2018-07-03,1.1098520297872407
2018-07-05,1.1198831398852376
2018-07-06,1.1315841954224717
2018-07-09,1.1419213396938415
2018-07-10,1.1451502003233718
2018-07-11,1.1368036880111212
2018-07-12,1.1527099301564572
2018-07-13,1.1556590823844304
2018-07-16,1.1536806825183483
2018-07-17,1.1623031119787635
2018-07-18,1.159159484546601
2018-07-19,1.1555772439695964
2018-07-20,1.1576766962544582
2018-07-23,1.1581578800750794
2018-07-24,1.1627513504241596
2018-07-25,1.1777731874346777
2018-07-26,1.1698184840481116
2018-07-27,1.1609775079372875
2018-07-30,1.146364199997112
2018-07-31,1.1500305139031428
2018-08-01,1.1610099275564063
2018-08-02,1.174276957513407
2018-08-03,1.176949090503955
2018-08-06,1.1819450249335295
2018-08-07,1.1859729980683333
2018-08-08,1.1897102876136219
2018-08-09,1.1906671337067276
2018-08-10,1.1827878760439998
2018-08-13,1.1824121950574829
2018-08-14,1.1918369891166039
2018-08-15,1.1807152392658755
2018-08-16,1.1848065674282358
2018-08-17,1.1818183209744524
2018-08-20,1.1817366099653535
2018-08-21,1.1860912704913313
2018-08-22,1.1963959719962993
2018-08-23,1.1976369345998725
2018-08-24,1.2062301974812877
2018-08-27,1.2173910166853046
2018-08-28,1.2188979540650213
2018-08-29,1.2342853902429782
2018-08-30,1.2328314182598643
2018-08-31,1.2371233232553855
2018-09-04,1.2375831458234807
2018-09-05,1.2219158180009053
2018-09-06,1.2118924987301047
2018-09-07,1.2065453870697236
2018-09-10,1.2078103192695937
2018-09-11,1.2184601391889425
2018-09-12,1.2151181882013442
2018-09-13,1.2259689848289603
2018-09-14,1.2256553380537316
2018-09-17,1.2103823531238975
2018-09-18,1.2163238590395342
2018-09-19,1.214330486083848
2018-09-20,1.2208650616004095
2018-09-21,1.2154369302391153
2018-09-24,1.219697222228804
2018-09-25,1.2259520814399572
2018-09-26,1.2233078805916986
2018-09-27,1.2318423797836147
2018-09-28,1.2383341164447226
2018-10-01,1.2462735256466975
2018-10-02,1.2416602381860307
2018-10-03,1.2412768038727366
2018-10-04,1.221017269721428
2018-10-05,1.207037869058359
2018-10-08,1.1989626385195575
2018-10-09,1.2032670369266734
2018-10-10,1.1524713691611435
2018-10-11,1.1353366801697653
2018-10-12,1.165056200149205
2018-10-15,1.1474417917870776
2018-10-16,1.1764769121001768
2018-10-17,1.1733014646184774
2018-10-18,1.1518168221965124
2018-10-19,1.147691659268817
2018-10-22,1.153138313033894
2018-10-23,1.1417979308947424
2018-10-24,1.0922658526982867
2018-10-25,1.1275704249237746
2018-10-26,1.0991041682254108
2018-10-29,1.0705724605456488
2018-10-30,1.0885739704738617
2018-10-31,1.1129012142548045
2018-11-01,1.1307475965736093
2018-11-02,1.1171582458379286
2018-11-05,1.110231327685435
2018-11-06,1.1149406420638344
2018-11-07,1.1452279848372928
2018-11-08,1.1360936170250964
2018-11-09,1.1219864366176273
2018-11-12,1.0852941106055738
2018-11-13,1.0911096094985542
2018-11-14,1.0796102073631142
2018-11-15,1.0961594609026177
2018-11-16,1.0711417450957625
2018-11-19,1.0306414714917533
2018-11-20,1.01607045363232
2018-11-21,1.0194125670839338
2018-11-23,1.0127226191474292
2018-11-26,1.038784038884818
2018-11-27,1.0402759983017709
2018-11-28,1.072900559208672
2018-11-29,1.067018605409445
2018-11-30,1.0751929154461972
2018-12-03,1.099379667987204
2018-12-04,1.0576775898016133
2018-12-06,1.0603620750638747
2018-12-07,1.026956724702823
2018-12-10,1.036378862639796
2018-12-11,1.034713480776488
2018-12-12,1.0416579571470999
2018-12-13,1.0427149796367594
2018-12-14,1.020000151214049
2018-12-17,1.0004323684450573
2018-12-18,1.0099532620744736
2018-12-19,0.9875655869053711
2018-12-20,0.9718567754683162
2018-12-21,0.9430821419850242
2018-12-24,0.9229101425217026
2018-12-26,0.9705893914051249
2018-12-27,0.9698976970069016
2018-12-28,0.9734109014410465
2018-12-31,0.9806355477568015
2019-01-02,0.9863274744000787
2019-01-03,0.9511733902596257
2019-01-04,0.9878978184710718
2019-01-07,1.001472868894502
2019-01-08,1.0069222751516413
2019-01-09,1.017042287164287
2019-01-10,1.0198802653454917
2019-01-11,1.0185993087948266
2019-01-14,1.012732892242255
2019-01-15,1.0276783882303313
2019-01-16,1.0304075875204337
2019-01-17,1.0377796402029116
2019-01-18,1.0491276560687526
2019-01-22,1.025751367817243
2019-01-23,1.0297997131774905
2019-01-24,1.0385184648440233
2019-01-25,1.0512246651068287
2019-01-28,1.0234461552488576
2019-01-29,1.009266105127877
2019-01-30,1.040427029044807
2019-01-31,1.0528202771796071
2019-02-01,1.0436668430516292
2019-02-04,1.058562450592298
2019-02-05,1.0686266747896418
2019-02-06,1.0668759540577315
2019-02-07,1.0517097564338338
2019-02-08,1.0510194476117787
2019-02-11,1.04825222084468
2019-02-12,1.0644904484598467
2019-02-13,1.065626029308768
2019-02-14,1.0664649485104305
2019-02-15,1.0724028765610503
2019-02-19,1.075131037464415
2019-02-20,1.0773726524574674
2019-02-21,1.0752145033942455
2019-02-22,1.0856070278547432
2019-02-25,1.0882807829697358
2019-02-26,1.0887480087105073
2019-02-27,1.086917924370257
2019-02-28,1.083147894243716
2019-03-01,1.0915145273361233
2019-03-04,1.093638458680173
2019-03-05,1.092393626601217
2019-03-06,1.0837654196406938
2019-03-07,1.0704508856654966
2019-03-08,1.0711237583618416
2019-03-11,1.0982998968452833
2019-03-12,1.103926048882537
2019-03-13,1.1149707623593554
2019-03-14,1.1130421518129168
2019-03-15,1.1257792279547478
2019-03-18,1.1325460587665486
2019-03-19,1.1393046828174662
2019-03-20,1.1428276228964602
2019-03-21,1.1649013595967583
2019-03-22,1.1400124526096582
2019-03-25,1.1367846306153537
2019-03-26,1.1414969065644915
2019-03-27,1.137931722933163
2019-03-28,1.1406459503171824
2019-03-29,1.1479118038142087
2019-04-01,1.1599281318104235
2019-04-02,1.1635587720406284
2019-04-03,1.1723880228227361
2019-04-04,1.1720078328179087
2019-04-05,1.1792229392322484
2019-04-08,1.183607202290043
2019-04-09,1.1775961027000061
2019-04-10,1.1847988484992698
2019-04-11,1.1819125873500034
2019-04-12,1.1838247781001687
2019-04-15,1.1800302304266705
2019-04-16,1.1848187268100185
2019-04-17,1.1884793818001176
2019-04-18,1.190408651948226
2019-04-22,1.1951695921645724
2019-04-23,1.2080361986757346
2019-04-24,1.2042509536414396
2019-04-25,1.2045785798103774
2019-04-26,1.203554434329465
2019-04-29,1.2043023496035468
2019-04-30,1.2019121466828062
2019-05-01,1.202149301801748
2019-05-02,1.1991801800492392
2019-05-03,1.214744505090227
2019-05-06,1.204887114495758
2019-05-07,1.1819980240400898
2019-05-08,1.1818664050980823
2019-05-09,1.173404749391406
2019-05-10,1.1732076121734256
2019-05-13,1.1339554088966861
2019-05-14,1.1467133888292624
2019-05-15,1.1542323821122864
2019-05-16,1.1634777722380556
2019-05-17,1.1517343746607644
2019-05-20,1.1357737051122767
2019-05-21,1.1459899023153235
2019-05-22,1.1401205251455668
2019-05-23,1.123120963936164
2019-05-24,1.1225731114018433
2019-05-28,1.1188426155560964
2019-05-29,1.1100356239029878
2019-05-30,1.1120302479288133
2019-05-31,1.0962410444038564
2019-06-03,1.0804690577017704
2019-06-04,1.1093356881705139
2019-06-05,1.1154386936480511
2019-06-06,1.1255667531382458
2019-06-07,1.1449067070567618
2019-06-10,1.1581550954982849
2019-06-11,1.1626762551965961
2019-06-12,1.1544754343732975
2019-06-13,1.160445847603377
2019-06-14,1.1538718311577674
2019-06-17,1.1579158895717794
2019-06-18,1.1792256926091893
2019-06-19,1.1827042339117686
2019-06-20,1.1914631724347005
2019-06-21,1.1869944849694916
2019-06-24,1.188379400402178
2019-06-25,1.172590242494688
2019-06-26,1.1858900690545442
2019-06-27,1.1926754459797628
2019-06-28,1.1931059904528334
2019-07-01,1.2056584023378907
2019-07-02,1.2066698855978082
2019-07-03,1.2128266790692772
2019-07-05,1.208102597846732
2019-07-08,1.1999399415016052
2019-07-09,1.2034308888326106
2019-07-10,1.2141962066620582
2019-07-11,1.21808795034536
2019-07-12,1.2236624351748573
2019-07-15,1.2264174292614736
2019-07-16,1.221005862267241
2019-07-17,1.2187271992162605
2019-07-18,1.221449289226984
2019-07-19,1.2141407963375037
2019-07-22,1.2258332320288812
2019-07-23,1.2351286934356984
2019-07-24,1.2418623525770143
2019-07-25,1.2294828551447672
2019-07-26,1.2334909561262033
2019-07-29,1.2311851531498845
2019-07-30,1.2266865452505566
2019-07-31,1.2121630485518384
2019-08-01,1.204275758179146
2019-08-02,1.1894176655986144
2019-08-05,1.1491536873388914
2019-08-06,1.1633604667048743
2019-08-07,1.1689894173211737
2019-08-08,1.1912732223754345
2019-08-09,1.1790412259681853
2019-08-12,1.16787825481978
2019-08-13,1.1913545076622776
2019-08-14,1.1593178196727465
2019-08-15,1.1594340811096902
2019-08-16,1.1835431072313276
2019-08-19,1.2054712995900068
2019-08-20,1.1982149517074567
2019-08-21,1.2100176662741444
2019-08-22,1.206047939201085
2019-08-23,1.1716065102443725
2019-08-26,1.1857138370737659
2019-08-27,1.1798459472043612
2019-08-28,1.1823538702973253
2019-08-29,1.2001737722914938
2019-08-30,1.1996895747591498
2019-09-03,1.1907792410182012
2019-09-04,1.206349303922345
2019-09-05,1.2303073920823844
2019-09-06,1.2282337947561532
2019-09-09,1.2277869057696817
2019-09-10,1.2285668520915827
2019-09-11,1.238140630256469
2019-09-12,1.2427610744621924
2019-09-13,1.2365110568245026
2019-09-16,1.2302511055011973
2019-09-17,1.2359430108418605
2019-09-18,1.2370246888107352
2019-09-19,1.2369987360851176
2019-09-20,1.2249824390423005
2019-09-23,1.2265564228629786
2019-09-24,1.2143483808508642
2019-09-25,1.228089343382331
2019-09-26,1.2235910326579205
2019-09-27,1.2112129516315193
2019-09-30,1.222007588375663
2019-10-01,1.2157040552414449
2019-10-02,1.1992789121908152
2019-10-03,1.2151154486242655
2019-10-04,1.2287730627733815
2019-10-07,1.2270480627778382
2019-10-08,1.209372013583664
2019-10-09,1.2223001026010711
2019-10-10,1.2299577666782864
2019-10-11,1.2437017933170111
2019-10-14,1.2436842222028195
2019-10-15,1.2612572347685282
2019-10-16,1.258340887020731
2019-10-17,1.2604308338568693
2019-10-18,1.2505126528824835
2019-10-21,1.2643990137719583
2019-10-22,1.2580028962831948
2019-10-23,1.2616453380678385
2019-10-24,1.2703612055644062
2019-10-25,1.2796471674138679
2019-10-28,1.2912883854593633
2019-10-29,1.2801866713020587
2019-10-30,1.286060819322673
2019-10-31,1.2861970985447992
2019-11-01,1.2983443128433263
2019-11-04,1.3099391798499247
2019-11-05,1.3082901328454501
2019-11-06,1.3054838398057602
2019-11-07,1.308372391306922
2019-11-08,1.3106957152404684
2019-11-11,1.3101619632716708
2019-11-12,1.3134623414078526
2019-11-13,1.3120159562106584
2019-11-14,1.3131201407070054
2019-11-15,1.3148820256983567
2019-11-18,1.3244305859432253
2019-11-19,1.320981749199009
2019-11-20,1.3187496965520513
2019-11-21,1.31467701897497
2019-11-22,1.3171578446612089
2019-11-25,1.3374243320920667
2019-11-26,1.3369567568964278
2019-11-27,1.3447156306140648
2019-11-29,1.3374995756899428
2019-12-02,1.3216258970613228
2019-12-03,1.3141555649273606
2019-12-04,1.3196933480579125
2019-12-05,1.3201629402092954
2019-12-06,1.3335245907333653
2019-12-09,1.3284459606686827
2019-12-10,1.3295168924902971
2019-12-11,1.3380187120603102
2019-12-12,1.3498918623723766
2019-12-13,1.355639803542999
2019-12-16,1.3654386916950063
2019-12-17,1.3692526445149444
2019-12-18,1.3688720458061854
2019-12-19,1.3776366329624157
2019-12-20,1.3830786237540917
2019-12-23,1.386476987600272
2019-12-24,1.3864272740557055
2019-12-26,1.4027352100056396
2019-12-27,1.402183365370127
2019-12-30,1.392627760811238
2019-12-31,1.3976612705575404
2020-01-02,1.419598154234979
2020-01-03,1.4064142143579812
2020-01-06,1.4133667361077802
2020-01-07,1.4125348293092967
2020-01-08,1.4193975596052983
2020-01-09,1.4317827383258086
2020-01-10,1.4296960446610143
2020-01-13,1.4466087062062591
2020-01-14,1.4368789983119796
2020-01-15,1.4356703984269163
2020-01-16,1.4492646539950735
2020-01-17,1.4531703964747333
2020-01-21,1.4509738663287657
2020-01-22,1.453156849802878
2020-01-23,1.4573862582597028
2020-01-24,1.4470816539374605
2020-01-27,1.4182556554168104
2020-01-28,1.4403417204353774
2020-01-29,1.446400768859986
2020-01-30,1.4531442661269922
2020-01-31,1.440296099087792
2020-02-03,1.451224196298319
2020-02-04,1.4820794557052157
2020-02-05,1.4890151677539087
2020-02-06,1.501295800825414
2020-02-07,1.4965413205417528
2020-02-10,1.520020928888742
2020-02-11,1.5212976551694526
2020-02-12,1.534384072301861
2020-02-13,1.5282064227818766
2020-02-14,1.5430179882727963
2020-02-18,1.5465211389594917
2020-02-19,1.566757610019833
2020-02-20,1.552995862598808
2020-02-21,1.5218201446129718
2020-02-24,1.46324963384312
2020-02-25,1.4302509923688989
2020-02-26,1.4399176805106801
2020-02-27,1.3749968602330047
2020-02-28,1.3903546737065415
2020-03-02,1.4466034065692328
2020-03-03,1.4101143850614701
2020-03-04,1.4622108856785918
2020-03-05,1.4243663867935574
2020-03-06,1.4023793055674278
2020-03-09,1.3133444303783572
2020-03-10,1.3763546447036286
2020-03-11,1.3184955006895673
2020-03-12,1.1955668143467824
2020-03-13,1.3034188344677307
2020-03-16,1.1651519018252614
2020-03-17,1.2321209287316681
2020-03-18,1.185768666239511
2020-03-19,1.2021643174809344
2020-03-20,1.1691124073145924
2020-03-23,1.1701871179383556
2020-03-24,1.2637531017881316
2020-03-25,1.2635701999416027
2020-03-26,1.3198388591423298
2020-03-27,1.2829689140721645
2020-03-30,1.3261649255116477
2020-03-31,1.3146154980983906
2020-04-01,1.2638011501779647
2020-04-02,1.2895805381855305
2020-04-03,1.26900770420498
2020-04-06,1.3491562736949552
2020-04-07,1.3421505666191236
2020-04-08,1.3673714937546675
2020-04-09,1.3740863956163953
2020-04-13,1.3915753511258024
2020-04-14,1.4431631210460987
2020-04-15,1.4291117282778183
2020-04-16,1.4567184171648528
2020-04-17,1.46327592562417
2020-04-20,1.4459062420498174
2020-04-21,1.4009367817457394
2020-04-22,1.437952120586634
2020-04-23,1.4360030097695398
2020-04-24,1.4557546619270822
2020-04-27,1.4640875361340138
2020-04-28,1.4461786958824785
2020-04-29,1.4856426281929995
2020-04-30,1.4891516288422388
2020-05-01,1.445823928317931
2020-05-04,1.463829789269949
2020-05-05,1.4745333743719147
2020-05-06,1.4819802765646395
2020-05-07,1.498330205771461
2020-05-08,1.5182194863304754
2020-05-11,1.5327370736593857
2020-05-12,1.5064320989503739
2020-05-13,1.494351543589255
2020-05-14,1.507797993917193
2020-05-15,1.5236907248762286
2020-05-18,1.5540736592461084
2020-05-19,1.550370237700199
2020-05-20,1.5755533898738585
2020-05-21,1.5583218835856556
2020-05-22,1.564333481890074
2020-05-26,1.5605549022081817
2020-05-27,1.562436972433921
2020-05-28,1.5605280979896872
2020-05-29,1.5788723142855836
2020-06-01,1.587613795283274
2020-06-02,1.5973087585307282
2020-06-03,1.6059809688555662
2020-06-04,1.5962476716123366
2020-06-05,1.6248455459848312
2020-06-08,1.63497896376104
2020-06-09,1.6523330487872905
2020-06-10,1.6778714486685344
2020-06-11,1.6022038304505217
2020-06-12,1.6160508715006117
2020-06-15,1.6327483106290996
2020-06-16,1.6537243434995634
2020-06-17,1.6602037128883043
2020-06-18,1.6636505253849436
2020-06-19,1.6618607010217656
2020-06-22,1.6885807672787205
2020-06-23,1.7005455974319694
2020-06-24,1.6706332414203362
2020-06-25,1.6902009588911364
2020-06-26,1.655034192127261
2020-06-29,1.6691373095133046
2020-06-30,1.6960552347785751
2020-07-01,1.7112918962148251
2020-07-02,1.7214466215495212
2020-07-06,1.762709996630235
2020-07-07,1.7496618770436496
2020-07-08,1.780464408079845
2020-07-09,1.7956720546579292
2020-07-10,1.8009634904051277
2020-07-13,1.7686662071324284
2020-07-14,1.7866167882107045
2020-07-15,1.7843856401485454
2020-07-16,1.7701826265927147
2020-07-17,1.7698356275526683
2020-07-20,1.8179593985903904
2020-07-21,1.803320581587693
2020-07-22,1.8092408774650817
2020-07-23,1.764185624739778
2020-07-24,1.7607197911215609
2020-07-27,1.7858034577592208
2020-07-28,1.765789221757164
2020-07-29,1.7887204765967866
2020-07-30,1.7937532279377162
2020-07-31,1.8289061468491923
2020-08-03,1.8604770613899526
2020-08-04,1.8692457593380254
2020-08-05,1.8792094025652908
2020-08-06,1.898991117334901
2020-08-07,1.8772926259557554
2020-08-10,1.8740375346351859
2020-08-11,1.843386900550489
2020-08-12,1.8887024638697563
2020-08-13,1.8908573517897356
2020-08-14,1.8906255769997853
2020-08-17,1.916231868492857
2020-08-18,1.9308460864789223
2020-08-19,1.9189927174871986
2020-08-20,1.9364959753725062
2020-08-21,1.9593295824343833
2020-08-24,1.9718214824904203
2020-08-25,1.9796997983564335
2020-08-26,2.0045930267096934
2020-08-27,1.9985720165058767
2020-08-28,2.0167127221947108
2020-08-31,2.0288103758053846
2020-09-01,2.061326439979099
2020-09-02,2.0816639189610466
2020-09-03,1.9807212586706997
2020-09-04,1.958154141582965
2020-09-08,1.8822445906587966
2020-09-09,1.941693180593195
2020-09-10,1.9005090494599481
2020-09-11,1.8894926460335442
2020-09-14,1.9207483405123782
2020-09-15,1.9378964082912054
2020-09-16,1.9065108565798268
2020-09-17,1.8881003527677798
2020-09-18,1.8609917729940277
2020-09-21,1.870985538107205
2020-09-22,1.9021732698675824
2020-09-23,1.8484539036611631
2020-09-24,1.8607951902158084
2020-09-25,1.9005569198970078
2020-09-28,1.9297693560647808
2020-09-29,1.9241440269284171
2020-09-30,1.9404936800192698
2020-10-01,1.959811727755135
2020-10-02,1.9173597085840342
2020-10-05,1.95797155268124
2020-10-06,1.9311095994165361
2020-10-07,1.961683099071332
2020-10-08,1.9652872257776302
2020-10-09,1.9893383601851142
2020-10-12,2.044907887307429
2020-10-13,2.03693477790808
2020-10-14,2.021645208402154
2020-10-15,2.010775151926276
2020-10-16,1.9984579386210375
2020-10-19,1.966183938362113
2020-10-20,1.976186778963031
2020-10-21,1.9683907421264908
2020-10-22,1.9638024022161271
2020-10-23,1.9732277138218974
2020-10-26,1.9462967116283536
2020-10-27,1.9646220904283225
2020-10-28,1.8926971142089153
2020-10-29,1.9221923363384172
2020-10-30,1.872960917811141
2020-11-02,1.877572634549567
2020-11-03,1.910616286090216
2020-11-04,1.9823855195497146
2020-11-05,2.0290901126023013
2020-11-06,2.035941825566136
2020-11-09,1.9975982570748732
2020-11-10,1.959457580096231
2020-11-11,2.0033326740454216
2020-11-12,1.9938721784208653
2020-11-13,2.002987675238727
2020-11-16,2.0186141706782363
2020-11-17,2.0111716216153144
2020-11-18,1.9972651799422214
2020-11-19,2.0066016864717082
2020-11-20,1.9914256456709118
2020-11-23,1.986822963906616
2020-11-24,2.002979786459121
2020-11-25,2.0160644834279298
2020-11-27,2.025849311837172
2020-11-30,2.0236764364364284
2020-12-01,2.048937542391638
2020-12-02,2.050628457764866
2020-12-03,2.047438910602413
2020-12-04,2.0526267510426535
2020-12-07,2.0564882001317932
2020-12-08,2.059240046063722
2020-12-09,2.0257464123964732
2020-12-10,2.030894057009061
2020-12-11,2.0326277298902986
2020-12-14,2.042575121188317
2020-12-15,2.066031693090428
2020-12-16,2.0781844012454984
2020-12-17,2.0873674822175734
2020-12-18,2.0754565517844483
2020-12-21,2.0805101429250263
2020-12-22,2.0888782269688715
2020-12-23,2.0770486081480266
2020-12-24,2.0819185944624428
2020-12-28,2.1068267817496955
2020-12-29,2.1077206105705724
2020-12-30,2.1061994724358732
2020-12-31,2.1014128372487075
2021-01-04,2.078598480563008
2021-01-05,2.0980116451882638
2021-01-06,2.0593709410861822
2021-01-07,2.103202841318287
2021-01-08,2.1152685635968
2021-01-11,2.098550818282333
2021-01-12,2.094831523535368
2021-01-13,2.1081658767165363
2021-01-14,2.0908332408945
2021-01-15,2.069968579765638
2021-01-19,2.089775692384938
2021-01-20,2.138840331195003
2021-01-21,2.1649484507827204
2021-01-22,2.163275356795011
2021-01-25,2.1780421046568126
2021-01-26,2.1790197451108764
2021-01-27,2.138932280849311
2021-01-28,2.145061271425693
2021-01-29,2.1065546670574404
2021-02-01,2.1513643838339007
2021-02-02,2.1735676900524474
2021-02-03,2.1693177752440524
2021-02-04,2.1863753641620343
2021-02-05,2.189961864273699
2021-02-08,2.211570695761427
2021-02-09,2.2081723470458963
2021-02-10,2.213329188457981
2021-02-11,2.225763841184478
2021-02-12,2.226455727482407
2021-02-16,2.225305026981862
2021-02-17,2.2147928330419915
2021-02-18,2.206871891950209
2021-02-19,2.1993595988166934
2021-02-22,2.1540076252189837
2021-02-23,2.1492478824580092
2021-02-24,2.158623919464543
2021-02-25,2.088189260659361
2021-02-26,2.1024159458647986
2021-03-01,2.1487167110089858
2021-03-02,2.1188615678027567
2021-03-03,2.072086786809909
2021-03-04,2.043408289170565
2021-03-05,2.065681142328917
2021-03-08,2.015630243362499
2021-03-09,2.081190456687479
2021-03-10,2.078118274757239
2021-03-11,2.11642164333933
2021-03-12,2.1039664408499474
2021-03-15,2.1210303795708407
2021-03-16,2.1315759451297946
2021-03-17,2.136985464227862
2021-03-18,2.0819518441933424
2021-03-19,2.0897310402753013
2021-03-22,2.1205486827885998
2021-03-23,2.1128121337604626
2021-03-24,2.083235757528629
2021-03-25,2.0781650076220015
2021-03-26,2.1028605838025105
2021-03-29,2.103047989180091
2021-03-30,2.091759859753902
2021-03-31,2.11942048076879
2021-04-01,2.1552914867712905
2021-04-05,2.1892599556649266
2021-04-06,2.185204699619908
2021-04-07,2.2007979404744002
2021-04-08,2.221609024608646
2021-04-09,2.2407848250859406
2021-04-12,2.251462375378935
2021-04-13,2.277962058826226
2021-04-14,2.253292231851521
2021-04-15,2.292979638967771
2021-04-16,2.2935785388870973
2021-04-19,2.2750320643718167
2021-04-20,2.2560478646930835
2021-04-21,2.2739906392663753
2021-04-22,2.246339288577012
2021-04-23,2.2764316534435065
2021-04-26,2.2905121757632854
2021-04-27,2.286660265025263
2021-04-28,2.278671848408647
2021-04-29,2.2799564479508794
2021-04-30,2.2615231638369053
2021-05-03,2.255109380373626
2021-05-04,2.2146638037822677
2021-05-05,2.2143735271007112
2021-05-06,2.2316252079382624
2021-05-07,2.2484064318017607
2021-05-10,2.202923967419738
2021-05-11,2.1973601319225518
2021-05-12,2.1461555991261942
2021-05-13,2.1615058821359616
2021-05-14,2.204963102037552
2021-05-17,2.198770116116616
2021-05-18,2.184532333272177
2021-05-19,2.1831191030248047
2021-05-20,2.2166326339771403
2021-05-21,2.2120791559532087
2021-05-24,2.2468616819811795
2021-05-25,2.2504469948769485
2021-05-26,2.254082044788524
2021-05-27,2.241048396016561
2021-05-28,2.254982399171357
2021-06-01,2.253469027954864
2021-06-02,2.2672238558582456
2021-06-03,2.254166479492297
2021-06-04,2.288211935762159
2021-06-07,2.2927412826698927
2021-06-08,2.29730323798735
2021-06-09,2.2981509704798477
2021-06-10,2.3132512308464377
2021-06-11,2.325083094782942
2021-06-14,2.3436841411107854
2021-06-15,2.333352800302352
2021-06-16,2.3306203263962355
2021-06-17,2.361515462106956
2021-06-18,2.346630405168118
2021-06-21,2.3565352659847445
2021-06-22,2.38006829145168
2021-06-23,2.380630742543354
2021-06-24,2.3859521769326575
2021-06-25,2.3781167009822406
2021-06-28,2.4081200177819166
2021-06-29,2.416756112397269
2021-06-30,2.4142528164779233
2021-07-01,2.419777465569817
2021-07-02,2.4495250752514153
2021-07-06,2.4707888488051237
2021-07-07,2.4784757464926286
2021-07-08,2.459703728962835
2021-07-09,2.475549737205125
2021-07-12,2.483210970888801
2021-07-13,2.4788021693904865
2021-07-14,2.4837846650425766
2021-07-15,2.458641052861017
2021-07-16,2.4285576191033686
2021-07-19,2.414432578749828
2021-07-20,2.434260806632135
2021-07-21,2.457040995937314
2021-07-22,2.47594260407026
2021-07-23,2.4911473579250707
2021-07-26,2.490270125337426
2021-07-27,2.468306951234225
2021-07-28,2.4745419507994733
2021-07-29,2.479475734684941
2021-07-30,2.447404224896213
2021-08-02,2.4524917695220854
2021-08-03,2.4691894238698633
2021-08-04,2.4725372551629183
2021-08-05,2.4878295496550304
2021-08-06,2.4754404909677676
2021-08-09,2.472689606094248
2021-08-10,2.4609417415100117
2021-08-11,2.4578824922315463
2021-08-12,2.47255749401389
2021-08-13,2.483260988020994
2021-08-16,2.484620464909227
2021-08-17,2.4589227319667275
2021-08-18,2.4320418519708555
2021-08-19,2.4482316118422185
2021-08-20,2.482662560554028
2021-08-23,2.520636897303189
2021-08-24,2.5241868152503284
2021-08-25,2.5273628661621594
2021-08-26,2.5159012748769847
2021-08-27,2.540900509230836
2021-08-30,2.567505688302237
2021-08-31,2.563211737045954
2021-09-01,2.570152387312017
2021-09-02,2.571978435081415
2021-09-03,2.582995725500643
2021-09-07,2.585328512609251
2021-09-08,2.574340862932042
2021-09-09,2.561544998477924
2021-09-10,2.545938444668101
2021-09-13,2.545886551263934
2021-09-14,2.542758081957026
2021-09-15,2.559345085299178
2021-09-16,2.55676074822089
2021-09-17,2.527830097292309
2021-09-20,2.4763672351299
2021-09-21,2.481854879155791
2021-09-22,2.513423511483296
2021-09-23,2.535867221896584
2021-09-24,2.5280633732221616
2021-09-27,2.508335897095168
2021-09-28,2.4444754659859744
2021-09-29,2.441369100914479
2021-09-30,2.433012800907834
2021-10-01,2.4509664814504966
2021-10-04,2.399034800155459
2021-10-05,2.4310237566835244
2021-10-06,2.446631431950362
2021-10-07,2.4689766186301387
2021-10-08,2.460676476758224
2021-10-11,2.4478883310632384
2021-10-12,2.4430845340141722
2021-10-13,2.4609206695437256
2021-10-14,2.5010841793387515
2021-10-15,2.5227306006931816
2021-10-18,2.541484170102914
2021-10-19,2.5543469381750175
2021-10-20,2.550457046344907
2021-10-21,2.5652391935014394
2021-10-22,2.551437535864517
2021-10-25,2.5607273557923613
2021-10-26,2.5923352439765543
2021-10-27,2.6010137567907066
2021-10-28,2.631143462428258
2021-10-29,2.6330581795625476
2021-11-01,2.632718295373368
2021-11-02,2.646965202942602
2021-11-03,2.668116088865121
2021-11-04,2.7254130529877734
2021-11-05,2.733212250143894
2021-11-08,2.7418498973505465
2021-11-09,2.745174516069253
2021-11-10,2.6966775743556934
2021-11-11,2.7109627395061158
2021-11-12,2.7334579421212015
2021-11-15,2.728493670626368
2021-11-16,2.7387132510781935
2021-11-17,2.7334195724128056
2021-11-18,2.7912601556860213
2021-11-19,2.811081269431229
2021-11-22,2.7781454952937503
2021-11-23,2.7721326158653525
2021-11-24,2.7853684857969374
2021-11-26,2.7243927321645
2021-11-29,2.7768554159650236
2021-11-30,2.755292329958585
2021-12-01,2.7222481335450817
2021-12-02,2.738925007132213
2021-12-03,2.697081481119282
2021-12-06,2.713627476265268
2021-12-07,2.7944416697828247
2021-12-08,2.798792715922571
2021-12-09,2.7662314458487014
2021-12-10,2.7853102908586305
2021-12-13,2.734808826833176
2021-12-14,2.7141025677077373
2021-12-15,2.7794984016692683
2021-12-16,2.711276144629334
2021-12-17,2.696979368129186
2021-12-20,2.6725150038053362
2021-12-21,2.7277757382881687
2021-12-22,2.7551456765585915
2021-12-23,2.7671774171621695
2021-12-27,2.808492499731558
2021-12-28,2.797445838504161
2021-12-29,2.7903017856856094
2021-12-30,2.7790302816678416
2021-12-31,2.76485505098083
2022-01-03,2.7932810732738873
2022-01-04,2.762543283690192
2022-01-05,2.6909563463563297
2022-01-06,2.6857796652346955
2022-01-07,2.669168786866134
2022-01-10,2.66601599058738
2022-01-11,2.6991848103675617
2022-01-12,2.7111713899917333
2022-01-13,2.649153892973893
2022-01-14,2.6632531080278885
2022-01-18,2.6076266849966436
2022-01-19,2.5796583720200172
2022-01-20,2.5446176299128362
2022-01-21,2.4869956136609344
2022-01-24,2.489288650517013
2022-01-25,2.440590028486166
2022-01-26,2.447516116965987
2022-01-27,2.433879004758806
2022-01-28,2.5043719897032877
2022-01-31,2.5724834543187316
2022-02-01,2.5826228977830743
2022-02-02,2.603368430892455
2022-02-03,2.5164908556288084
2022-02-04,2.572931900430999
2022-02-07,2.569685764645907
2022-02-08,2.5988228062311673
2022-02-09,2.6465404002045103
2022-02-10,2.5940862622296756
2022-02-11,2.52554620242623
2022-02-14,2.529559487555457
2022-02-15,2.593113517713172
2022-02-16,2.597872398295472
2022-02-17,2.529016571646695
2022-02-18,2.5000799194951058
2022-02-22,2.47541832525249
2022-02-23,2.4168533138885846
2022-02-24,2.481547443868101
2022-02-25,2.5177903603727367
2022-02-28,2.521261407807106
2022-03-01,2.48285482518455
2022-03-02,2.517075422120352
2022-03-03,2.486494487132228
2022-03-04,2.44574063964778
2022-03-07,2.3567313470676803
2022-03-08,2.346502080828622
2022-03-09,2.425719457074846
2022-03-10,2.4160051919458803
2022-03-11,2.3786465742998604
2022-03-14,2.337245236515943
2022-03-15,2.4088451875022825
2022-03-16,2.4890706883512768
2022-03-17,2.513561722298608
2022-03-18,2.569760350481773
2022-03-21,2.5681989505160194
2022-03-22,2.597250694662515
2022-03-23,2.570279588503525
2022-03-24,2.628041824795172
2022-03-25,2.623742982336061
2022-03-28,2.6551739986551914
2022-03-29,2.691055829164588
2022-03-30,2.6629937741722434
2022-03-31,2.6254957911617947
2022-04-01,2.6238880668722553
2022-04-04,2.667550496316588
2022-04-05,2.6107954230905643
2022-04-06,2.547202496991358
2022-04-07,2.546320207821207
2022-04-08,2.509799624066855
2022-04-11,2.4488603109345894
2022-04-12,2.4395878698855857
2022-04-13,2.48427500000488
2022-04-14,2.43061991276277
2022-04-18,2.4382096299321026
2022-04-19,2.4750450845500676
2022-04-20,2.4559839399596073
2022-04-21,2.4016414115097415
2022-04-22,2.3470076414815577
2022-04-25,2.370683666255589
2022-04-26,2.2919466620545434
2022-04-27,2.2983435487024777
2022-04-28,2.3738590226052994
2022-04-29,2.2614812294672784
2022-05-02,2.2891839268196508
2022-05-03,2.2944943532332984
2022-05-04,2.35326785816444
2022-05-05,2.2422800748231047
2022-05-06,2.2248123531244426
2022-05-09,2.137128761527236
2022-05-10,2.1626666297320387
2022-05-11,2.102735705326577
2022-05-12,2.0863018270113813
2022-05-13,2.162853224903209
2022-05-16,2.1441555477194427
2022-05-17,2.1981935304178633
2022-05-18,2.1023920971490457
2022-05-19,2.0991934078389716
2022-05-20,2.094594916992017
2022-05-23,2.1282777375777573
2022-05-24,2.0936017697504825
2022-05-25,2.1249029546831935
2022-05-26,2.1745863494958506
2022-05-27,2.237733732136269
2022-05-31,2.2406769425310475
2022-06-01,2.231268877946294
2022-06-02,2.2854457729388287
2022-06-03,2.233029341782509
2022-06-06,2.241075591169889
2022-06-07,2.255241456868737
2022-06-08,2.234782061270578
2022-06-09,2.177957539414968
2022-06-10,2.0984540713096647
2022-06-13,2.0065099560231787
2022-06-14,2.008037234298694
2022-06-15,2.0613442405150515
2022-06-16,1.994649352279597
2022-06-17,2.0141996821339774
2022-06-21,2.0609498766974275
2022-06-22,2.055644317063521
2022-06-23,2.080164615586445
2022-06-24,2.1430545437351896
2022-06-27,2.12438893334373
2022-06-28,2.065645408663396
2022-06-29,2.0690174313671847
2022-06-30,2.0428610168643053
2022-07-01,2.0533759777057563
2022-07-05,2.0795212342735145
2022-07-06,2.09026524678797
2022-07-07,2.129549337551689
2022-07-08,2.1273121057293345
2022-07-11,2.0868046838619096
2022-07-12,2.066090652483488
2022-07-13,2.0675227095119033
2022-07-14,2.073752854430266
2022-07-15,2.1067457979617816
2022-07-18,2.1017492921385914
2022-07-19,2.1604752964401683
2022-07-20,2.1951082098300967
2022-07-21,2.2218452649922935
2022-07-22,2.1917224103175323
2022-07-25,2.1802091202322433
2022-07-26,2.1365751688233794
2022-07-27,2.222940056387469
2022-07-28,2.2478561982241114
2022-07-29,2.3047086700695667
2022-08-01,2.3050789896091985
2022-08-02,2.2889172467643917
2022-08-03,2.34058689337592
2022-08-04,2.3559826408534206
2022-08-05,2.3404123475487038
2022-08-08,2.3170812586869385
2022-08-09,2.2971495555211336
2022-08-10,2.360090261351151
2022-08-11,2.346951026598393
2022-08-12,2.391293623749616
2022-08-15,2.4013957313747634
2022-08-16,2.4009938809084486
2022-08-17,2.378649488582415
2022-08-18,2.3852019723126405
2022-08-19,2.3374102839270687
2022-08-22,2.2787123487554424
2022-08-23,2.2799856494485153
2022-08-24,2.2827426669364694
2022-08-25,2.3235323481477526
2022-08-26,2.232039468548363
2022-08-29,2.2084603690370743
2022-08-30,2.1854308822503117
2022-08-31,2.1644173585070674
2022-09-01,2.1419316191294375
2022-09-02,2.1202082370130433
2022-09-06,2.1016176195532843
2022-09-07,2.135350547074465
2022-09-08,2.1420686040677657
2022-09-09,2.1839654145088443
2022-09-12,2.2149528345580647
2022-09-13,2.0999477901786205
2022-09-14,2.110949352142164
2022-09-15,2.079531957464164
2022-09-16,2.0695363853804363
2022-09-19,2.086698126774305
2022-09-20,2.0693167408373743
2022-09-21,2.0422523165216933
2022-09-22,2.0172547368399325
2022-09-23,1.9849438116012088
2022-09-26,1.9715524232284138
2022-09-27,1.971711006562504
2022-09-28,2.006283108323457
2022-09-29,1.9556686727677641
2022-09-30,1.929341157272934
2022-10-03,1.9768206734814617
2022-10-04,2.0406528827721053
2022-10-05,2.037787628210429
2022-10-06,2.0218455086443115
2022-10-07,1.9448188058125213
2022-10-10,1.922804305062443
2022-10-11,1.9035438468177193
2022-10-12,1.9016850031937067
2022-10-13,1.9417893845854928
2022-10-14,1.8830350586837727
2022-10-17,1.9487773428897273
2022-10-18,1.9658945608274954
2022-10-19,1.9544764934002512
2022-10-20,1.951876829082857
2022-10-21,1.994684189971813
2022-10-24,2.0096825722420237
2022-10-25,2.049288572117398
2022-10-26,2.0037168657487476
2022-10-27,1.9800465522501316
2022-10-28,2.0182589471847443
2022-10-31,1.9943918091106163
2022-11-01,1.9725531301308745
2022-11-02,1.9184114072650509
2022-11-03,1.8894330068250873
2022-11-04,1.930157150907136
2022-11-07,1.9440442146323138
2022-11-08,1.956517339408436
2022-11-09,1.9049636799813747
2022-11-10,2.0565515937448526
2022-11-11,2.098845061752339
2022-11-14,2.075924316358178
2022-11-15,2.097199631564742
2022-11-16,2.072121201774807
2022-11-17,2.0630467946477573
2022-11-18,2.0576868820661556
2022-11-21,2.040996702182311
2022-11-22,2.073298860373437
2022-11-23,2.0962947864003465
2022-11-25,2.0841807488278623
2022-11-28,2.054425397935062
2022-11-29,2.0389613332160184
2022-11-30,2.1260130504987558
2022-12-01,2.130600762417755
2022-12-02,2.122234527470092
2022-12-05,2.0867201168554677
2022-12-06,2.0474770391725094
2022-12-07,2.0460964009143057
2022-12-08,2.080832720998158
2022-12-09,2.06593823776034
2022-12-12,2.0971330476343515
2022-12-13,2.1268061527518194
2022-12-14,2.111364798165324
2022-12-15,2.0491796767234334
2022-12-16,2.0260916577421324
2022-12-19,1.9964296131468169
2022-12-20,1.9953705334035416
2022-12-21,2.0254464139521877
2022-12-22,1.9734684898637402
2022-12-23,1.9766387229627778
2022-12-27,1.9422405686830406
2022-12-28,1.9177783449969088
2022-12-29,1.962863585036385
2022-12-30,1.9576820027324566
2023-01-03,1.9488737153753615
2023-01-04,1.9550568876074488
2023-01-05,1.922323001444815
2023-01-06,1.9727745126720446
2023-01-09,1.9963130137044494
2023-01-10,2.0150978952862384
2023-01-11,2.054670254889916
2023-01-12,2.0738994207349712
2023-01-13,2.0946224562328566
2023-01-17,2.1050747930199907
2023-01-18,2.0856780403003503
2023-01-19,2.062769670101378
2023-01-20,2.1167041063312073
2023-01-23,2.1562000914963337
2023-01-24,2.1562668657158492
2023-01-25,2.1575917165354377
2023-01-26,2.1906987282216415
2023-01-27,2.2136520395446264
2023-01-30,2.168132594036445
2023-01-31,2.1995305786805015
2023-02-01,2.2452851782439263
2023-02-02,2.31358371446747
2023-02-03,2.267199938394852
2023-02-06,2.2476950197013794
2023-02-07,2.2900690107148045
2023-02-08,2.2698415516521155
2023-02-09,2.255212796446555
2023-02-10,2.2361587441656092
2023-02-13,2.273494284756363
2023-02-14,2.2903579487760566
2023-02-15,2.2950735799892237
2023-02-16,2.2548526591267937
2023-02-17,2.2352925362180547
2023-02-21,2.186774547723972
2023-02-22,2.190150393437123
2023-02-23,2.2393221920614037
2023-02-24,2.202959729299357
2023-02-27,2.2156582660932416
2023-02-28,2.2087663247518363
2023-03-01,2.1881527443651416
2023-03-02,2.204680667659851
2023-03-03,2.2498299254646676
2023-03-06,2.248093102694075
2023-03-07,2.22457223786315
2023-03-08,2.240968312925065
2023-03-09,2.2089652432563835
2023-03-10,2.1833659919196093
2023-03-13,2.1997552872405963
2023-03-14,2.2434230398770536
2023-03-15,2.249893512626444
2023-03-16,2.308007061010495
2023-03-17,2.3029032896912938
2023-03-20,2.303438441350943
2023-03-21,2.3312552455492814
2023-03-22,2.3171293003359024
2023-03-23,2.337406598152814
2023-03-24,2.3394928719508257
2023-03-27,2.3257887143534295
2023-03-28,2.3184445704579457
2023-03-29,2.3575227975304482
2023-03-30,2.381693841891066
2023-03-31,2.410860034593159
2023-04-03,2.414308176436819
2023-04-04,2.4103169447516857
2023-04-05,2.3840194238008503
2023-04-06,2.401768848391949
2023-04-10,2.399749373695332
2023-04-11,2.379466000123605
2023-04-12,2.362507495204397
2023-04-13,2.4059580150413242
2023-04-14,2.40119419255245
2023-04-17,2.4072539568322866
2023-04-18,2.4167679294925843
2023-04-19,2.4255178960336132
2023-04-20,2.4079615345045076
2023-04-21,2.414050838856447
2023-04-24,2.4085391630049333
2023-04-25,2.366171296620959
2023-04-26,2.402383912511859
2023-04-27,2.4537358306510897
2023-04-28,2.459328099531625
2023-05-01,2.4554115093268476
2023-05-02,2.4440519046284312
2023-05-03,2.4345841529904413
2023-05-04,2.4277749867089797
2023-05-05,2.4796608010831545
2023-05-08,2.482994232614048
2023-05-09,2.4693842207222025
2023-05-10,2.4980485133851698
2023-05-11,2.4988130836023728
2023-05-12,2.483135388615794
2023-05-15,2.497569529716398
2023-05-16,2.5030824830149365
2023-05-17,2.532213469998543
2023-05-18,2.570805271762448
2023-05-19,2.560173960491519
2023-05-22,2.559473631218453
2023-05-23,2.531786671024791
2023-05-24,2.525477662912559
2023-05-25,2.6197794400927226
2023-05-26,2.671201630801889
2023-05-30,2.6880802637388883
2023-05-31,2.6570595305962237
2023-06-01,2.7020475145852454
2023-06-02,2.7180172782500205
2023-06-05,2.7153904549158656
2023-06-06,2.716302076022502
2023-06-07,2.6675540564117726
2023-06-08,2.702461001508871
2023-06-09,2.7060318342820064
2023-06-12,2.7420292736862892
2023-06-13,2.764135389169845
2023-06-14,2.788663270416846
2023-06-15,2.816600273506618
2023-06-16,2.799362569077598
2023-06-20,2.794566288233371
2023-06-21,2.773422162021532
2023-06-22,2.801664612642161
2023-06-23,2.775255883208021
2023-06-26,2.743115178946138
2023-06-27,2.7823229312929882
2023-06-28,2.780862859753451
2023-06-29,2.7728205916880304
2023-06-30,2.8194938579182813
2023-07-03,2.816100250214232
2023-07-05,2.8079242070498465
2023-07-06,2.7904942136923943
2023-07-07,2.7930672398585474
2023-07-10,2.7773363790323016
2023-07-11,2.7919419737891658
2023-07-12,2.834175319091413
2023-07-13,2.883769103715275
2023-07-14,2.879524045996846
2023-07-17,2.896429367735793
2023-07-18,2.9237891396154483
2023-07-19,2.927174480590402
2023-07-20,2.8734433090786586
2023-07-21,2.8582751577289454
2023-07-24,2.8623176356118667
2023-07-25,2.883795950775352
2023-07-26,2.8687901145723167
2023-07-27,2.853788228652209
2023-07-28,2.900339544471795
2023-07-31,2.904666085028412
2023-08-01,2.887093224405469
2023-08-02,2.8239093768118537
2023-08-03,2.8201123283761733
2023-08-04,2.8355647328226863
2023-08-07,2.8516664868038935
2023-08-08,2.8312160467108773
2023-08-09,2.795888170292657
2023-08-10,2.7963436099334533
2023-08-11,2.7749611820149083
2023-08-14,2.8151427890412504
2023-08-15,2.7902099378655962
2023-08-16,2.7671709140077043
2023-08-17,2.745943287206672
2023-08-18,2.7443009547486246
2023-08-21,2.7924953712068894
2023-08-22,2.7834945348338396
2023-08-23,2.8269468932720274
2023-08-24,2.7838179100326075
2023-08-25,2.7937109762694092
2023-08-28,2.81221444787409
2023-08-29,2.863772507882139
2023-08-30,2.8783014805097746
2023-08-31,2.885334515508867
2023-09-01,2.8830689752978533
2023-09-05,2.8802017574089924
2023-09-06,2.8435130262658324
2023-09-07,2.825743006277009
2023-09-08,2.8282940432483077
2023-09-11,2.853741278098988
2023-09-12,2.827142854114539
2023-09-13,2.842598802166173
2023-09-14,2.8582213412861277
2023-09-15,2.812066787776115
2023-09-18,2.813954751620813
2023-09-19,2.8035529894284195
2023-09-20,2.7621939444977643
2023-09-21,2.7113661093672805
2023-09-22,2.7167693490341542
2023-09-25,2.7297778415660834
2023-09-26,2.6845531583892424
2023-09-27,2.68653652687085
2023-09-28,2.700844148806946
2023-09-29,2.7088415801149095
2023-10-02,2.7313337733201197
2023-10-03,2.6796964861684986
2023-10-04,2.7072347310536338
2023-10-05,2.713709427716347
2023-10-06,2.753242862735838
2023-10-09,2.76268353640724
2023-10-10,2.775714620601478
2023-10-11,2.8035101798761994
2023-10-12,2.79590007430901
2023-10-13,2.7636990915944946
2023-10-16,2.7895179105222887
2023-10-17,2.7634420078114985
2023-10-18,2.7193802133334897
2023-10-19,2.709632257071008
2023-10-20,2.6740446570848384
2023-10-23,2.6947865581275647
2023-10-24,2.716965024780982
2023-10-25,2.6700813049552923
2023-10-26,2.623284732879978
2023-10-27,2.650520975103397
2023-10-30,2.691274155417309
2023-10-31,2.694751064758399
2023-11-01,2.7464554241521
2023-11-02,2.79003632114929
2023-11-03,2.82089544626625
2023-11-06,2.838197646004311
2023-11-07,2.8604515461493842
2023-11-08,2.8686765950047044
2023-11-09,2.8552112058751504
2023-11-10,2.9063001384359572
2023-11-13,2.8992215328369286
2023-11-14,2.9532615703247727
2023-11-15,2.9419933711458017
2023-11-16,2.955957881859684
2023-11-17,2.9598028003323633
2023-11-20,2.9915332011341156
2023-11-21,2.972134762370227
2023-11-22,2.9800792694780234
2023-11-24,2.9700382861548618
2023-11-27,2.977307699654991
2023-11-28,2.9815590977765507
2023-11-29,2.978087466334337
2023-11-30,2.9677762538813157
2023-12-01,2.9778790991675685
2023-12-04,2.943898368860063
2023-12-05,2.9701649985843392
2023-12-06,2.9476667061437865
2023-12-07,2.978262190638161
2023-12-08,2.994522154572618
2023-12-11,2.9815569212402453
2023-12-12,3.005733950918344
2023-12-13,3.0397370820994034
2023-12-14,3.0385511400528102
2023-12-15,3.050638184675999
2023-12-18,3.0673983937499414
2023-12-19,3.0747249229403226
2023-12-20,3.0371035589673285
2023-12-21,3.0646388453813915
2023-12-22,3.0615105489687395
2023-12-26,3.0704709138989665
2023-12-27,3.077062645802147
2023-12-28,3.0789853051594664
2023-12-29,3.0702835858078497
2024-01-02,3.0206433156539427
2024-01-03,2.999494371944665
2024-01-04,2.9811608287093803
2024-01-05,2.9898996870160337
2024-01-08,3.0577332597103126
2024-01-09,3.0665648234363783
2024-01-10,3.096144129515468
2024-01-11,3.106551398912185
2024-01-12,3.111314314007833
2024-01-16,3.10492595259861
2024-01-17,3.086481739284121
2024-01-18,3.1264712081021533
2024-01-19,3.172760230155029
2024-01-22,3.177775282207435
2024-01-23,3.18918122560436
2024-01-24,3.207684841373824
2024-01-25,3.218851731493871
2024-01-26,3.211919853592931
2024-01-29,3.2423267361392334
2024-01-30,3.225921461452773
2024-01-31,3.1745078284058352
2024-02-01,3.2210479199891764
2024-02-02,3.28182241410628
2024-02-05,3.288858391249189
2024-02-06,3.2897111010579927
2024-02-07,3.320048558732308
2024-02-08,3.3129242335498823
2024-02-09,3.355138693533877
2024-02-12,3.3418057357451243
2024-02-13,3.2942158738504435
2024-02-14,3.3277174860934973
2024-02-15,3.323883495767574
2024-02-16,3.3104487868003454
2024-02-20,3.279575695925853
2024-02-21,3.2704185124245764
2024-02-22,3.3906349656194115
2024-02-23,3.3883201284469098
2024-02-26,3.3799273875083773
2024-02-27,3.380664961544098
2024-02-28,3.3665171649401637
2024-02-29,3.394687212982993
2024-03-01,3.430253506663548
2024-03-04,3.428386482307393
2024-03-05,3.387339768278039
2024-03-06,3.407640340770997
2024-03-07,3.457380095247395
2024-03-08,3.421609701519072
2024-03-11,3.4041653646592387
2024-03-12,3.46809890957138
2024-03-13,3.455473643524908
2024-03-14,3.454059688717437
2024-03-15,3.423172748879947
2024-03-18,3.4357785792584306
2024-03-19,3.4587169963235396
2024-03-20,3.494166932955567
2024-03-21,3.490016341200275
2024-03-22,3.5046068893551645
2024-03-25,3.4965525228247207
2024-03-26,3.475890373847313
2024-03-27,3.4869592873783533
2024-03-28,3.4822676342632124
2024-04-01,3.4795683481616115
2024-04-02,3.4581888773074825
2024-04-03,3.464824322110447
2024-04-04,3.4255828885136994
2024-04-05,3.4666831317167794
2024-04-08,3.4616375448396752
2024-04-09,3.4633441775175102
2024-04-10,3.4448969125324003
2024-04-11,3.5044697578386117
2024-04-12,3.4636377684162296
2024-04-15,3.411839158360252
2024-04-16,3.4038127578905346
2024-04-17,3.371006303330489
2024-04-18,3.3549285317373183
2024-04-19,3.2799921481944256
2024-04-22,3.3206987147737133
2024-04-23,3.366642531571841
2024-04-24,3.3524839297586255
2024-04-25,3.3470070939120204
2024-04-26,3.4080638355123365
2024-04-29,3.424979132406038
2024-04-30,3.3601358693918715
2024-05-01,3.3527109556247687
2024-05-02,3.410965660643601
2024-05-03,3.483686854002083
2024-05-06,3.521594279887932
2024-05-07,3.512395671434409
2024-05-08,3.5098571814131048
2024-05-09,3.5189268093870423
2024-05-10,3.520221193116713
2024-05-13,3.529668674934706
2024-05-14,3.5503012960853897
2024-05-15,3.596540164828127
2024-05-16,3.5832176496207553
2024-05-17,3.5773890105743122
2024-05-20,3.597064600860382
2024-05-21,3.6074221391396413
2024-05-22,3.5978710142771426
2024-05-23,3.611370406407608
2024-05-24,3.644717278321139
2024-05-28,3.6796527321800503
2024-05-29,3.666171528299285
2024-05-30,3.6267601675895547
2024-05-31,3.6252287293604555
2024-06-03,3.6603649685836666
2024-06-04,3.6721667128633326
2024-06-05,3.733432093607629
2024-06-06,3.7357700806077014
2024-06-07,3.7282989983937806
2024-06-10,3.738199451368672
2024-06-11,3.776194903279599
2024-06-12,3.8324762119137135
2024-06-13,3.8446463541763567
2024-06-14,3.849942675853423
2024-06-17,3.872924475662017
2024-06-18,3.884407481623302
2024-06-20,3.8585931131584483
2024-06-21,3.841616087071273
2024-06-24,3.7973694178319075
2024-06-25,3.8442533805938064
2024-06-26,3.8709422571292365
2024-06-27,3.8791535853710024
2024-06-28,3.8441647232787255
2024-07-01,3.8817861079260148
2024-07-02,3.904085080830384
2024-07-03,3.9396054931366478
2024-07-05,3.9665550401381267
2024-07-08,3.9763807600628263
2024-07-09,3.982776885830448
2024-07-10,4.030178528153091
2024-07-11,3.9575618471873053
2024-07-12,3.980243755812734
2024-07-15,3.979202656477752
2024-07-16,3.9769397861476907
2024-07-17,3.8867545881766423
2024-07-18,3.862803744394008
2024-07-19,3.8335198503137407
2024-07-22,3.8767627466192165
2024-07-23,3.882755430199602
2024-07-24,3.7680247746307574
2024-07-25,3.735260398663182
2024-07-26,3.7721789525891944
2024-07-29,3.7696387354243894
2024-07-30,3.7220071455214048
2024-07-31,3.8279055521455936
2024-08-01,3.7495055920862574
2024-08-02,3.6703548326024507
2024-08-05,3.5467571320798426
2024-08-06,3.5740879987151692
2024-08-07,3.5509761317816357
2024-08-08,3.630136900990666
2024-08-09,3.649747541065617
2024-08-12,3.6739720115114434
2024-08-13,3.756953649345715
2024-08-14,3.7711565339883837
2024-08-15,3.8468729478743557
2024-08-16,3.8580212921844015
2024-08-19,3.9022746436757356
2024-08-20,3.8957805808848063
2024-08-21,3.9126655562193204
2024-08-22,3.8520431921644813
2024-08-23,3.904782448719883
2024-08-26,3.8776218808438294
2024-08-27,3.883899266408946
2024-08-28,3.8488134204720152
2024-08-29,3.8320568405158144
2024-08-30,3.8708092506122416
2024-09-03,3.7638445847974706
2024-09-04,3.7424021384947155
2024-09-05,3.7626416382668064
2024-09-06,3.6867015448196097
2024-09-09,3.7348199394902557
2024-09-10,3.7668793247532597
2024-09-11,3.851128091704219
2024-09-12,3.884142374852508
2024-09-13,3.8940627903195897
2024-09-16,3.8710279265451617
2024-09-17,3.8751974394936695
2024-09-18,3.862196521261915
2024-09-19,3.9467944337604886
2024-09-20,3.9305676995219603
2024-09-23,3.9365735283501455
2024-09-24,3.9643487873536976
2024-09-25,3.9659410999304576
2024-09-26,3.9842795487372085
2024-09-27,3.9566266479457046
2024-09-30,3.966006287505444
2024-10-01,3.9064436113299625
2024-10-02,3.911910582372092
2024-10-03,3.909177710252004
2024-10-04,3.942581327124563
2024-10-07,3.9074837824300004
2024-10-08,3.9551142633190772
2024-10-09,3.97784311134768
2024-10-10,3.9846361659495817
2024-10-11,3.995321285995662
2024-10-14,4.023679783387153
2024-10-15,3.9894217565087002
2024-10-16,4.0011794201890964
2024-10-17,4.005896911679155
2024-10-18,4.031133971948533
2024-10-21,4.0471170923163085
2024-10-22,4.055777766642123
2024-10-23,3.995695676314541
2024-10-24,4.010237957644207
2024-10-25,4.024227692021427
2024-10-28,4.029486639762703
2024-10-29,4.0496954539292505
2024-10-30,4.0322625714938
2024-10-31,3.927131204076859
2024-11-01,3.968341236359817
2024-11-04,3.962296990018518
2024-11-05,4.011867185361276
2024-11-06,4.0778261738263595
2024-11-07,4.13800361478297
2024-11-08,4.120335755216032
2024-11-11,4.096523464035201
2024-11-12,4.104023483946259
2024-11-13,4.110723677573026
2024-11-14,4.107167340173186
2024-11-15,4.027411283483353
2024-11-18,4.03561997986291
2024-11-19,4.077488127257966
2024-11-20,4.06628038120945
2024-11-21,4.059822093073874
2024-11-22,4.053632164699504
2024-11-25,4.062003814505232
2024-11-26,4.098556560188909
2024-11-27,4.07933708270059
2024-11-29,4.115941874854571
2024-12-02,4.144694250993031
2024-12-03,4.166948357031668
2024-12-04,4.216678336679907
2024-12-05,4.228902592813575
2024-12-06,4.242296476104373
2024-12-09,4.2318484803711
2024-12-10,4.204031945873877
2024-12-11,4.252423825020777
2024-12-12,4.232441760661891
2024-12-13,4.21511426133257
2024-12-16,4.238740230480149
2024-12-17,4.229970395019847
2024-12-18,4.116291463285095
2024-12-19,4.128562666509245
2024-12-20,4.161339223817697
2024-12-23,4.188533324258674
2024-12-24,4.224182359789463
2024-12-26,4.220070104163413
2024-12-27,4.170302975473484
2024-12-30,4.13843654455928
2024-12-31,4.10655893084951
2025-01-02,4.104208649396015
2025-01-03,4.158318830743712
2025-01-06,4.205540528825615
2025-01-07,4.1279740623648005
2025-01-08,4.1316432605540045
2025-01-10,4.062488739388328
2025-01-13,4.040757216959052
2025-01-14,4.033114301887679
2025-01-15,4.11686482843599
2025-01-16,4.076371014164309
2025-01-17,4.129479384324845
2025-01-21,4.153466473777834
2025-01-22,4.2173466715730585
2025-01-23,4.225496274286404
2025-01-24,4.201615391308074
2025-01-27,4.096292686935103
2025-01-28,4.193807171657321
2025-01-29,4.163215962615565
2025-01-30,4.138311397851462
2025-01-31,4.113213944412962
2025-02-03,4.061289277416513
2025-02-04,4.109423339884276
2025-02-05,4.134798433589566
2025-02-06,4.1670650529551505
2025-02-07,4.114376516780526
2025-02-10,4.155588251943381
2025-02-11,4.160653550032417
2025-02-12,4.149414501032326
2025-02-13,4.202771968434474
2025-02-14,4.221530989644981
2025-02-18,4.224041072306099
2025-02-19,4.228950181699983
2025-02-20,4.226116434479362
2025-02-21,4.157261580257735
2025-02-24,4.119485768328498
2025-02-25,4.094240661182416
2025-02-26,4.1090018619956705
2025-02-27,4.006530527547342
2025-02-28,4.066560630224148
2025-03-03,3.9672351096092053
2025-03-04,3.9595930299157676
2025-03-05,4.014386662996978
2025-03-06,3.933558280547697
2025-03-07,3.9524011219780113
2025-03-10,3.833697096687438
2025-03-11,3.826383809048402
2025-03-12,3.8679308425260444
2025-03-13,3.816214907563472
2025-03-14,3.9013935039028405
2025-03-17,3.9029443333594247
2025-03-18,3.8557977261666765
2025-03-19,3.8971571137857426
2025-03-20,3.8896646451961123
2025-03-21,3.9020233346623523
2025-03-24,3.9610580497041523
2025-03-25,3.979392870587411
2025-03-26,3.9070751100205467
2025-03-27,3.897839581874495
2025-03-28,3.81616103797566
2025-03-31,3.809583613562657
2025-04-01,3.8398050700700517
2025-04-02,3.8601534990157216
2025-04-03,3.665867078360017
2025-04-04,3.480437330921712
2025-04-07,3.4708346044952667
2025-04-08,3.408000480895219
2025-04-09,3.7729780392609005
2025-04-10,3.6379614450671243
2025-04-11,3.71619052134685
2025-04-14,3.733016048121471
2025-04-15,3.7328400514770133
2025-04-16,3.626934685949602
2025-04-17,3.615597707922605
2025-04-21,3.5359087500254534
2025-04-22,3.616775513559475
2025-04-23,3.694860749017334
2025-04-24,3.782462711354504
2025-04-25,3.8267384616219853
2025-04-28,3.819279643571485
2025-04-29,3.834469338253136
2025-04-30,3.830214570690348
2025-05-01,3.9005713309096497
2025-05-02,3.92835653536134
2025-05-05,3.8970551190114042
2025-05-06,3.8799967470986965
2025-05-07,3.9012750927838264
2025-05-08,3.924759500804503
2025-05-09,3.9297349955376406
2025-05-12,4.077834152782877
2025-05-13,4.130288721539929
2025-05-14,4.15321855344061
2025-05-15,4.146392127264429
2025-05-16,4.157271779101093
2025-05-19,4.1628177744632335
2025-05-20,4.1446592092434535
2025-05-21,4.087104731093722
2025-05-22,4.0983116114760305
2025-05-23,4.0610153516643965
2025-05-27,4.144402440481363
2025-05-28,4.124352209661233
2025-05-29,4.150610132961363
2025-05-30,4.136410217124387
2025-06-02,4.162363182692649
2025-06-03,4.184258400466793
2025-06-04,4.198654528884887
2025-06-05,4.184721485992648
2025-06-06,4.2267759172115
2025-06-09,4.238158673306548
2025-06-10,4.2550647861600615
2025-06-11,4.230769518906777
2025-06-12,4.254851525168733
2025-06-13,4.207246776132679
2025-06-16,4.25212383719337
2025-06-17,4.223759813308233
2025-06-18,4.229078946242534
2025-06-20,4.213885580942233
2025-06-23,4.238006960291914
2025-06-24,4.287898571437201
2025-06-25,4.314372062326119
2025-06-26,4.350632786597287
2025-06-27,4.379545338014749
2025-06-30,4.391809701972834
2025-07-01,4.37273469499957
2025-07-02,4.404356826300567
2025-07-03,4.441852275862287
2025-07-07,4.41030413881952
2025-07-08,4.408740950633235
2025-07-09,4.449293114408631
2025-07-10,4.4554230526574585
2025-07-11,4.454153190185963
2025-07-14,4.449689363031822
2025-07-15,4.471357432337551
2025-07-16,4.474542022866437
2025-07-17,4.498290856067226
2025-07-18,4.502015211543261
2025-07-21,4.518614630214411
2025-07-22,4.500587099721152
2025-07-23,4.531481854371679
2025-07-24,4.552136103550829
2025-07-25,4.557305644229044
2025-07-28,4.563737206429844
2025-07-29,4.547999014696093
2025-07-30,4.5474763845622075
2025-07-31,4.561110086508628
2025-08-01,4.456815996546015
2025-08-04,4.510082965384287
2025-08-05,4.496114350287428
2025-08-06,4.561961456366054
2025-08-07,4.587489667853262
2025-08-08,4.627685756322744
2025-08-11,4.611821619640158
2025-08-12,4.6510471625863605
2025-08-13,4.662985741638322
2025-08-14,4.676199097183563
2025-08-15,4.663648616119988
2025-08-18,4.664815986531655
2025-08-19,4.614660741248665
2025-08-20,4.58345427282184
2025-08-21,4.5646393966483805
2025-08-22,4.633671526338199
2025-08-25,4.621553351119803
2025-08-26,4.638056612222684
2025-08-27,4.648255103069608
2025-08-28,4.667331192040951
2025-08-29,4.623423350388635
2025-09-02,4.579051746681893
2025-09-03,4.612242578351508
2025-09-04,4.661503400213755
2025-09-05,4.628699770201197
2025-09-08,4.653422301074657
2025-09-09,4.659998871519693
2025-09-10,4.650313280217019
2025-09-11,4.674466266764299
2025-09-12,4.6917850569327015
2025-09-15,4.726405515723203
2025-09-16,4.719192119606184
2025-09-17,4.697671578705636
2025-09-18,4.720644642560839
2025-09-19,4.754303799406444
