Date,ret_initial
2018-01-03,0.010353367215448833
2018-01-04,0.0033904741664771607
2018-01-05,0.00825575701266438
2018-01-08,0.005331043924782082
2018-01-09,-0.00023026837889773046
2018-01-10,-0.0013401229620341553
2018-01-11,0.005825962902272818
2018-01-12,0.0053686822710833915
2018-01-16,0.0037404571772223284
2018-01-17,0.010129881887415778
2018-01-18,0.0005196165715681759
2018-01-19,0.0034066377333813146
2018-01-22,0.009429138448744946
2018-01-23,0.000525295797473624
2018-01-24,-0.005229001012522919
2018-01-25,5.073755693575508e-05
2018-01-26,0.01729170962531219
2018-01-29,-0.0067840447349154145
2018-01-30,-0.012641573453809401
2018-01-31,0.0019580870368809825
2018-02-01,0.0002178147142817828
2018-02-02,-0.023800390007251915
2018-02-05,-0.04423255140402349
2018-02-06,0.02219536643590121
2018-02-07,-0.0048508656138275
2018-02-08,-0.03945089261939371
2018-02-09,0.01790820967449056
2018-02-12,0.013803017638153182
2018-02-13,0.0034243506052586657
2018-02-14,0.0103291385643371
2018-02-15,0.013627768216660747
2018-02-16,0.0006308909476443532
2018-02-20,-0.0037054632162087254
2018-02-21,-0.006283898016319498
2018-02-22,0.005834221592501299
2018-02-23,0.015644945864424872
2018-02-26,0.013044152207581006
2018-02-27,-0.011688029049389264
2018-02-28,-0.014351640918395492
2018-03-01,-0.015307137054203236
2018-03-02,0.00844395128024867
2018-03-05,0.006706752361982506
2018-03-06,-0.00013026784491303991
2018-03-07,0.0010398186575535373
2018-03-08,0.0045761818637909705
2018-03-09,0.015441152795435717
2018-03-12,0.005950432808256146
2018-03-13,-0.0047628316140305715
2018-03-14,-0.006820836110523684
2018-03-15,0.002161593307538888
2018-03-16,-0.003093781518177426
2018-03-19,-0.021161245862225654
2018-03-20,0.0024764320293999362
2018-03-21,-0.0005798177122155593
2018-03-22,-0.02914363392713798
2018-03-23,-0.019314333534016365
2018-03-26,0.023534043522274367
2018-03-27,-0.025176989040585684
2018-03-28,-0.007594545539140469
2018-03-29,0.014227918678465037
2018-04-02,-0.02480098687991394
2018-04-03,0.018401940094813232
2018-04-04,0.014084256466972232
2018-04-05,0.009372986852249531
2018-04-06,-0.022115670153252942
2018-04-09,0.0069199227879195
2018-04-10,0.022975840778082294
2018-04-11,-0.005478180392840518
2018-04-12,0.005290624043695563
2018-04-13,0.001915268861240814
2018-04-16,0.0066200781837480885
2018-04-17,0.011730163688918877
2018-04-18,-0.000812893487894052
2018-04-19,-0.00407587462207323
2018-04-20,-0.01245114972204113
2018-04-23,-0.00211969014305687
2018-04-24,-0.016257586829273085
2018-04-25,-0.0011081938016287798
2018-04-26,0.023272111971920653
2018-04-27,0.0029697353725216345
2018-04-30,-0.00774928416400155
2018-05-01,0.007016197010870238
2018-05-02,-0.005437562034130169
2018-05-03,-0.0016664184621194562
2018-05-04,0.013732218253111451
2018-05-07,0.00685849003293822
2018-05-08,0.00020047815238920371
2018-05-09,0.012338968089054776
2018-05-10,0.010970839791489618
2018-05-11,0.0031488104158087786
2018-05-14,0.00048291660434145346
2018-05-15,-0.011673911470937689
2018-05-16,0.0034148548782617573
2018-05-17,-0.0016003002288369728
2018-05-18,-0.005608136078160587
2018-05-21,0.00851432194629298
2018-05-22,-0.004659186353738125
2018-05-23,0.007237583672767217
2018-05-24,-0.0055216052796545866
2018-05-25,-0.0015955707104415358
2018-05-29,-0.006602838659689488
2018-05-30,0.015588708703505585
2018-05-31,-0.005252977223889905
2018-06-01,0.011251769384631528
2018-06-04,0.008096162778595187
2018-06-05,-0.00021150764921423748
2018-06-06,0.012791692098081424
2018-06-07,-0.0009379792455827662
2018-06-08,0.0030822683014988497
2018-06-11,0.0033914506536858635
2018-06-12,0.0031087892584356377
2018-06-13,-0.0017128840628606189
2018-06-14,0.006550855444281782
2018-06-15,-5.6959151731064326e-05
2018-06-18,0.00017010276011563622
2018-06-19,-0.005601284089340908
2018-06-20,0.004396313572437026
2018-06-21,-0.008888833838742194
2018-06-22,-0.0012355315356875497
2018-06-25,-0.016339107651395304
2018-06-26,0.004968658611043385
2018-06-27,-0.007512601431600466
2018-06-28,0.007127669470276025
2018-06-29,-0.0023883065974644054
2018-07-02,0.0031354691174316773
2018-07-03,-0.01088836917865434
2018-07-05,0.0118212713820952
2018-07-06,0.008449629068046211
2018-07-09,0.007447924492780792
2018-07-10,0.009825424683629031
2018-07-11,-0.009809397994523694
2018-07-12,0.0021570763226924825
2018-07-13,0.0008071647016710502
2018-07-16,-0.0023676483528003132
2018-07-17,0.008817597380866207
2018-07-18,-0.000130640570958012
2018-07-19,-0.007244916261803637
2018-07-20,0.00016056506135779666
2018-07-23,0.0011329890487497987
2018-07-24,0.009728682076133581
2018-07-25,0.014534095633344717
2018-07-26,-0.011603630362448953
2018-07-27,-0.009180639843966732
2018-07-30,-0.006376013858992508
2018-07-31,0.002313098334702859
2018-08-01,0.003346316450386984
2018-08-02,0.016568506111730684
2018-08-03,0.004988020966514511
2018-08-06,0.0039391230101714254
2018-08-07,0.006870429169710276
2018-08-08,-0.0007116228321992213
2018-08-09,-0.004469164100613339
2018-08-10,-0.004244164441290974
2018-08-13,-0.00041064310753558605
2018-08-14,0.0010792348405621044
2018-08-15,-0.007031172561757048
2018-08-16,0.005227449941232334
2018-08-17,-0.005206867221525654
2018-08-20,0.0006150823905853307
2018-08-21,0.002359240853453533
2018-08-22,0.0027681752738284377
2018-08-23,-0.0008691253803082245
2018-08-24,0.007417908375719909
2018-08-27,0.008360277171903309
2018-08-28,-0.0030423855307249504
2018-08-29,0.0062897424142261335
2018-08-30,-0.001006577270068143
2018-08-31,-0.001488274839887529
2018-09-04,-0.004886269514234758
2018-09-05,-0.005553209767870369
2018-09-06,-0.007348623611336911
2018-09-07,-0.0006279552695623292
2018-09-10,0.0054559196276518064
2018-09-11,0.0032201245471845533
2018-09-12,0.0007680668734457777
2018-09-13,0.00848486325958276
2018-09-14,0.001593207078604904
2018-09-17,-0.005383431060889806
2018-09-18,-0.00017325003399132994
2018-09-19,0.005436932452678912
2018-09-20,0.008430238941616795
2018-09-21,-0.0012525684274594657
2018-09-24,0.001751821300597793
2018-09-25,0.00029782231890863734
2018-09-26,-0.001507332930002177
2018-09-27,0.004035811423587289
2018-09-28,-0.006380356137970191
2018-10-01,0.016055156552709
2018-10-02,-0.004114142655245105
2018-10-03,-0.00017392297281397593
2018-10-04,-0.01430838393049625
2018-10-05,-0.009918146319906717
2018-10-08,-0.004984398594725572
2018-10-09,0.006235460454130457
2018-10-10,-0.03475868381794645
2018-10-11,-0.020232056682497026
2018-10-12,0.017073468220261158
2018-10-15,-0.008820561873865557
2018-10-16,0.027717594003717042
2018-10-17,0.0009084153749096734
2018-10-18,-0.015658874599378737
2018-10-19,0.0027573824726368663
2018-10-22,-0.0024324560279875406
2018-10-23,0.0001810006409761405
2018-10-24,-0.03220596869089132
2018-10-25,0.02858757944776203
2018-10-26,-0.01749090835280582
2018-10-29,-0.012892405543998287
2018-10-30,0.01569905456731193
2018-10-31,0.015588059166454855
2018-11-01,0.01050336895813988
2018-11-02,-0.006700383504950786
2018-11-05,0.00267899769301917
2018-11-06,0.007252964684585954
2018-11-07,0.02456976499036364
2018-11-08,-0.0017481030551399857
2018-11-09,-0.0054491736792018665
2018-11-12,-0.025204961407640166
2018-11-13,0.0005149028053028201
2018-11-14,-0.004753096181414612
2018-11-15,0.014933224179395082
2018-11-16,-0.0055086616196915895
2018-11-19,-0.023769515681721136
2018-11-20,-0.01433612364294644
2018-11-21,-0.002098085134854223
2018-11-23,-0.010366586210972755
2018-11-26,0.023517977984587508
2018-11-27,0.004004653517833523
2018-11-28,0.024331971063681918
2018-11-29,-0.0015629868702242884
2018-11-30,0.014948707681627666
2018-12-03,0.0124546717733832
2018-12-04,-0.030150522509729702
2018-12-06,0.00029714406052283615
2018-12-07,-0.022584407943464262
2018-12-10,0.008734059540253247
2018-12-11,0.002679014964098231
2018-12-12,0.0069010150657284695
2018-12-13,0.006699139652218497
2018-12-14,-0.025721400808207597
2018-12-17,-0.02260041469992577
2018-12-18,-0.0015017829270627724
2018-12-19,-0.020291635126221334
2018-12-20,-0.014665844496022064
2018-12-21,-0.0194600445462245
2018-12-24,-0.029144347292904188
2018-12-26,0.05780378104853077
2018-12-27,0.005016274508750338
2018-12-28,0.003291346874665053
2018-12-31,0.005365982398858018
2019-01-02,-0.000765072904486852
2019-01-03,-0.03317717460568943
2019-01-04,0.03550244553959709
2019-01-07,0.010128472835068934
2019-01-08,0.006713258477773887
2019-01-09,0.002886785990435915
2019-01-10,0.002941830982563941
2019-01-11,-0.0002355189269577351
2019-01-14,-0.007822367297232173
2019-01-15,0.016531449271774974
2019-01-16,-0.00048076619641959336
2019-01-17,0.00711647028401436
2019-01-18,0.005977282518673632
2019-01-22,-0.01568862082864655
2019-01-23,-0.00045913044850715023
2019-01-24,0.0018731462659970438
2019-01-25,0.0054581347744175395
2019-01-28,-0.016555754623346203
2019-01-29,-0.006521054044107286
2019-01-30,0.023995575223554135
2019-01-31,0.01450842958182293
2019-02-01,0.0048061421729669995
2019-02-04,0.008255291248366966
2019-02-05,0.005913418869492832
2019-02-06,-0.0013009327036806833
2019-02-07,-0.012894265161339308
2019-02-08,-0.0003507540846814314
2019-02-11,-0.0017080364326786082
2019-02-12,0.014283374415499626
2019-02-13,0.0030575351994659994
2019-02-14,-0.0021577114769335427
2019-02-15,0.00949311295480418
2019-02-19,0.00015969785394074116
2019-02-20,0.0006164146930733118
2019-02-21,-0.007063565677985568
2019-02-22,0.007898782691323948
2019-02-25,0.002433891868054446
2019-02-26,-0.0005013529368151112
2019-02-27,-0.0021673227791570372
2019-02-28,-0.0009223316308861755
2019-03-01,0.004180385609022416
2019-03-04,-0.0013355173549519036
2019-03-05,0.0018516598421975334
2019-03-06,-0.005832974661888529
2019-03-07,-0.0090166049215156
2019-03-08,2.7546438128800394e-05
2019-03-11,0.020679733896816876
2019-03-12,0.0033877876709902757
2019-03-13,0.009176577978869824
2019-03-14,-0.00108052070598274
2019-03-15,0.006321944028992973
2019-03-18,0.0009117280030554265
2019-03-19,0.005453593146720324
2019-03-20,0.0002839905979233702
2019-03-21,0.012356941653049907
2019-03-22,-0.01842887036251654
2019-03-25,-0.0030407826448188287
2019-03-26,0.008466692860214094
2019-03-27,-0.003661337148804406
2019-03-28,0.0035444306589353927
2019-03-29,0.006820050862765911
2019-04-01,0.00999855191943748
2019-04-02,0.0029685160699960715
2019-04-03,0.003609366188750573
2019-04-04,-0.004234026522031875
2019-04-05,0.005029286384233377
2019-04-08,0.002536955264363594
2019-04-09,-0.004403087815804715
2019-04-10,0.003544863436088397
2019-04-11,-0.0052140652983329915
2019-04-12,-0.0004858936739460494
2019-04-15,0.0007335900074895703
2019-04-16,0.0016149441651786551
2019-04-17,0.00022056810291153209
2019-04-18,-0.000228712271021713
2019-04-22,0.004608819579055752
2019-04-23,0.007716979854919993
2019-04-24,-0.005869603887642682
2019-04-25,0.0022553188345852647
2019-04-26,-0.0009642964654719014
2019-04-29,0.0048373359247688335
2019-04-30,-0.0015565967198047739
2019-05-01,-0.005912784435754103
2019-05-02,-0.000992443729648536
2019-05-03,0.010553573044922411
2019-05-06,-0.0018028786388435353
2019-05-07,-0.016440009911751582
2019-05-08,-0.0012330363076605846
2019-05-09,-0.0029586609580406057
2019-05-10,0.0017606130423019246
2019-05-13,-0.025014895252997472
2019-05-14,0.007763055211064757
2019-05-15,0.008891291031084818
2019-05-16,0.005921341589253658
2019-05-17,-0.010199392197069087
2019-05-20,-0.009979840294731084
2019-05-21,0.005999338145667085
2019-05-22,-0.005033679455378951
2019-05-23,-0.012700709455505617
2019-05-24,-0.002375500950798649
2019-05-28,-0.007875912805759121
2019-05-29,-0.0081202715401969
2019-05-30,0.0004132564256099031
2019-05-31,-0.015076124765990703
2019-06-03,-0.013576326406047525
2019-06-04,0.026651175716507162
2019-06-05,0.0067079442523467515
2019-06-06,0.012144834533784015
2019-06-07,0.013265243537720541
2019-06-10,0.01031648779228635
2019-06-11,0.004723649888416744
2019-06-12,-0.006127818716341856
2019-06-13,0.004767353597449675
2019-06-14,-0.003386481206882366
2019-06-17,0.007014025224596635
2019-06-18,0.010310737689287273
2019-06-19,0.0020196715527449616
2019-06-20,0.005403495710540261
2019-06-21,0.0014646264561442087
2019-06-24,0.002184613410976255
2019-06-25,-0.020056995916036317
2019-06-26,0.0030317900969063995
2019-06-27,0.004841756952791284
2019-06-28,0.005599512554293232
2019-07-01,0.01023956022488479
2019-07-02,0.0008125358267376754
2019-07-03,0.008522944544158825
2019-07-05,-0.004819821535267412
2019-07-08,-0.0070064491035797625
2019-07-09,0.00258528729038678
2019-07-10,0.010758501580853149
2019-07-11,0.0026385591897454138
2019-07-12,0.0043306529183376125
2019-07-15,0.0036813968480415658
2019-07-16,-0.00483579653172785
2019-07-17,-0.0023299739268344277
2019-07-18,0.0008150922912867279
2019-07-19,-0.006328545704843783
2019-07-22,0.005266917994053284
2019-07-23,0.006193886323255336
2019-07-24,0.0025776020976096053
2019-07-25,-0.01485032772054928
2019-07-26,0.008650919071861373
2019-07-29,0.002727828919187918
2019-07-30,0.0015710082490970056
2019-07-31,-0.013809307157370622
2019-08-01,-0.01012374292046879
2019-08-02,-0.007068265016515954
2019-08-05,-0.02983980840462258
2019-08-06,0.010761985766618293
2019-08-07,0.0027771695570276327
2019-08-08,0.0193143620807464
2019-08-09,-0.005945848374706914
2019-08-12,-0.010385681194552224
2019-08-13,0.01791777463638517
2019-08-14,-0.03234559131819653
2019-08-15,0.0009367357096962128
2019-08-16,0.01697659221440796
2019-08-19,0.017307489896571014
2019-08-20,-0.008053740417294687
2019-08-21,0.008021443506249873
2019-08-22,-0.0026141453679212486
2019-08-23,-0.029923925132924665
2019-08-26,0.012966230524277983
2019-08-27,-0.004147802026211294
2019-08-28,0.0047536173360230236
2019-08-29,0.013978513329895173
2019-08-30,0.000896281477410912
2019-09-03,-0.007803595065350036
2019-09-04,0.00989702245361487
2019-09-05,0.0164580687161117
2019-09-06,-0.00017988802182214767
2019-09-09,-0.0009005022857959738
2019-09-10,0.002163844596291227
2019-09-11,0.010171332752122916
2019-09-12,0.004122161104257782
2019-09-13,-0.002212165109994163
2019-09-16,-0.00430259184462071
2019-09-17,0.003358957099598424
2019-09-18,0.00015780225740873318
2019-09-19,0.0029030033541242017
2019-09-20,-0.005000295781072651
2019-09-23,0.00046221919700408393
2019-09-24,-0.013675821084352866
2019-09-25,0.004484294720070663
2019-09-26,-0.0006296863950042633
2019-09-27,-0.006167615299771118
2019-09-30,0.004670619884863743
2019-10-01,-0.006293325555239359
2019-10-02,-0.01621969411719587
2019-10-03,0.01021614846163998
2019-10-04,0.015017763234018124
2019-10-07,-0.00310419593434897
2019-10-08,-0.013593470731479798
2019-10-09,0.009221815258745892
2019-10-10,0.0055372599884401545
2019-10-11,0.010223300181891307
2019-10-14,0.001714299398774914
2019-10-15,0.01613603937887544
2019-10-16,-0.002019519167856118
2019-10-17,0.003951859065107107
2019-10-18,-0.008635770988219679
2019-10-21,0.009306412783607108
2019-10-22,-0.002566465341612577
2019-10-23,0.003699611041935274
2019-10-24,0.01177490920559095
2019-10-25,0.010476038301586992
2019-10-28,0.007266241151016224
2019-10-29,-0.005114776373000766
2019-10-30,0.004552953676445943
2019-10-31,0.00016881202967202976
2019-11-01,0.007425379655283712
2019-11-04,0.007368354111054076
2019-11-05,-0.0003751423620453391
2019-11-06,-0.000588823826421139
2019-11-07,0.005668524908225299
2019-11-08,0.0035635517779645117
2019-11-11,-0.001323163102799069
2019-11-12,0.0034470361147748586
2019-11-13,-0.0006171134946157029
2019-11-14,0.0011151044854403815
2019-11-15,0.008796876390779326
2019-11-18,0.002372266546136074
2019-11-19,0.0018240189076246128
2019-11-20,-0.0033589843925532397
2019-11-21,0.0010771029389826537
2019-11-22,-0.0025558983207961557
2019-11-25,0.010071193616505256
2019-11-26,0.00034266923699240046
2019-11-27,0.004757467447349209
2019-11-29,-0.004202594574827505
2019-12-02,-0.006325341778838218
2019-12-03,-0.005112123591455649
2019-12-04,0.008268812918943083
2019-12-05,0.0009590906064161352
2019-12-06,0.009034495673479068
2019-12-09,-0.0013674369735229284
2019-12-10,0.0014226547077902322
2019-12-11,0.0037811573134915637
2019-12-12,0.01050205862627717
2019-12-13,-0.002223556436427446
2019-12-16,0.012482934322661687
2019-12-17,0.0005899964277812426
2019-12-18,0.0030241281080795844
2019-12-19,0.0056823719743471215
2019-12-20,0.004494473481782255
2019-12-23,0.003927735375897079
2019-12-24,-0.000245635620570407
2019-12-26,0.007238459622715107
2019-12-27,-0.0007557742259981391
2019-12-30,-0.009543529290270532
2019-12-31,0.00356501507008992
2020-01-02,0.013027610635000988
2020-01-03,-0.00762941237605733
2020-01-06,0.006530876214546966
2020-01-07,-0.003259302019211145
2020-01-08,0.006064236724983599
2020-01-09,0.004796419008930815
2020-01-10,-0.003752540086928774
2020-01-13,0.011997892620824659
2020-01-14,0.000598771239956392
2020-01-15,0.002468678781616477
2020-01-16,0.005659255244085942
2020-01-17,0.0022242523146537418
2020-01-21,0.0019096120083178759
2020-01-22,0.0026675499140049307
2020-01-23,-0.0006243890831133588
2020-01-24,-0.010079346185207418
2020-01-27,-0.015740404636454475
2020-01-28,0.01171617038949186
2020-01-29,0.00347867502653172
2020-01-30,0.005799130309509008
2020-01-31,-0.018107937864220398
2020-02-03,0.01821068803785048
2020-02-04,0.021062969633901946
2020-02-05,0.002244064099340138
2020-02-06,0.004224573902946554
2020-02-07,-0.00011105574061120982
2020-02-10,0.011063455285008215
2020-02-11,0.0010343730622294272
2020-02-12,0.0077011326509962815
2020-02-13,-0.0008409941870832708
2020-02-14,0.003168906308958769
2020-02-18,0.0028525838833249706
2020-02-19,0.012291483946163948
2020-02-20,-0.007607233319750267
2020-02-21,-0.011605914049491904
2020-02-24,-0.04155073550529627
2020-02-25,-0.029968901989980628
2020-02-26,-0.0018734552602372623
2020-02-27,-0.049992621455640644
2020-02-28,0.0008330383044201583
2020-03-02,0.05165596745879535
2020-03-03,-0.030453707462852895
2020-03-04,0.04448820765615281
2020-03-05,-0.029568091130560154
2020-03-06,-0.01722010900818808
2020-03-09,-0.07530698553000022
2020-03-10,0.05050888186114424
2020-03-11,-0.04191259061715391
2020-03-12,-0.09049655485873
2020-03-13,0.08835984956916429
2020-03-16,-0.128312046742666
2020-03-17,0.05596260092267371
2020-03-18,-0.06752155553098559
2020-03-19,0.02610468186866417
2020-03-20,-0.033890770410556825
2020-03-23,-0.028900508843564883
2020-03-24,0.10230922746890786
2020-03-25,0.010234094344812336
2020-03-26,0.061224503422292166
2020-03-27,-0.0357516429833836
2020-03-30,0.03960513922282338
2020-03-31,-0.006804931975893602
2020-04-01,-0.0424484784561123
2020-04-02,0.03121925554770309
2020-04-03,-0.013507863714214054
2020-04-06,0.06599531465392021
2020-04-07,-0.001618056164531127
2020-04-08,0.03418800068570022
2020-04-09,0.003513258408359741
2020-04-13,0.008747059930742703
2020-04-14,0.03461261571933786
2020-04-15,-0.010870402065361863
2020-04-16,0.006700060755983266
2020-04-17,0.023908350753830836
2020-04-20,-0.019393866967797144
2020-04-21,-0.03420852480507565
2020-04-22,0.02998865399799403
2020-04-23,0.004956931003687696
2020-04-24,0.013934994548159415
2020-04-27,0.01397381278150022
2020-04-28,-0.013708386814570556
2020-04-29,0.029724380533627488
2020-04-30,-0.0021100868938484004
2020-05-01,-0.03063677863087519
2020-05-04,0.01306703220203401
2020-05-05,0.01121695736117696
2020-05-06,-0.0035772552494194427
2020-05-07,0.0057175655738648115
2020-05-08,0.018528290474429467
2020-05-11,0.004573978388817807
2020-05-12,-0.014473091512742496
2020-05-13,-0.015608270486512846
2020-05-14,0.015038647422920848
2020-05-15,0.006142183431229285
2020-05-18,0.02304490433724663
2020-05-19,-0.011557761704936102
2020-05-20,0.016564813657284534
2020-05-21,-0.007295819565078816
2020-05-22,0.0011421761395608698
2020-05-26,0.006042256856860186
2020-05-27,0.006042356661374092
2020-05-28,-0.003406053222548376
2020-05-29,0.011288223325671512
2020-06-01,0.007482634598268201
2020-06-02,0.006980916492459805
2020-06-03,0.00962380806332982
2020-06-04,-0.007984701334144275
2020-06-05,0.026290293897640975
2020-06-08,0.010109000154262231
2020-06-09,0.0027737087383646326
2020-06-10,0.005494334826413833
2020-06-11,-0.056456416037520274
2020-06-12,0.008411126283696396
2020-06-15,0.008051336692381818
2020-06-16,0.01707269971053335
2020-06-17,-0.0025422133308021233
2020-06-18,0.00302333588508998
2020-06-19,-0.004027836367638123
2020-06-22,0.008407929878979105
2020-06-23,0.00629230677384846
2020-06-24,-0.024964322672201895
2020-06-25,0.014784131284101639
2020-06-26,-0.029705051800498414
2020-06-29,0.014315924284670033
2020-06-30,0.02024768393298553
2020-07-01,0.007091298025440727
2020-07-02,0.009042048813429798
2020-07-06,0.023386900717496776
2020-07-07,-0.0087692931092925
2020-07-08,0.008464436749108548
2020-07-09,-0.004450041137175225
2020-07-10,0.013906248531081081
2020-07-13,-0.007441994459885555
2020-07-14,0.015223117559494355
2020-07-15,0.001858529169715252
2020-07-16,-0.005133341466228835
2020-07-17,-0.000920982252816603
2020-07-20,0.013832637506934253
2020-07-21,-0.0009097538069481455
2020-07-22,0.0018919861690967115
2020-07-23,-0.016005258156191877
2020-07-24,-0.009265723940549593
2020-07-27,0.014126437410595648
2020-07-28,-0.009148563063303316
2020-07-29,0.01078317235654137
2020-07-30,-0.004783518926350198
2020-07-31,0.00635841575023282
2020-08-03,0.011187954963624328
2020-08-04,0.004409132965550609
2020-08-05,0.005383045074664256
2020-08-06,0.007489721929689836
2020-08-07,-0.0037477805931806305
2020-08-10,0.0007054400932239732
2020-08-11,-0.009078528664735424
2020-08-12,0.02629823802945135
2020-08-13,0.00029878614276015086
2020-08-14,0.001141958765054623
2020-08-17,0.012106702047184694
2020-08-18,0.003107837382930548
2020-08-19,-0.0034485835313894627
2020-08-20,0.0076268220425918755
2020-08-21,0.006091490609309377
2020-08-24,0.007748410523662016
2020-08-25,0.0031391166041275786
2020-08-26,0.011189838931407329
2020-08-27,0.0015834947480169567
2020-08-28,0.008204889358232671
2020-08-31,0.0054372915940804675
2020-09-01,0.0014022446421456177
2020-09-02,0.013904579204088984
2020-09-03,-0.03819153443523039
2020-09-04,-0.005466831844783594
2020-09-08,-0.04232156913130959
2020-09-09,0.02662359381660588
2020-09-10,-0.018211430204118556
2020-09-11,-0.0012445446854985115
2020-09-14,0.01612114700987147
2020-09-15,0.006391006813554621
2020-09-16,-0.006267596301007631
2020-09-17,-0.010217592457548096
2020-09-18,-0.00618723666368411
2020-09-21,-0.009185737446387095
2020-09-22,0.0045314377724544105
2020-09-23,-0.02851064914638157
2020-09-24,0.004569608831869989
2020-09-25,0.01734740592238089
2020-09-28,0.01697789985791936
2020-09-29,-0.005237016962530519
2020-09-30,0.00971948471626118
2020-10-01,0.005283284787426142
2020-10-02,-0.018793216296946965
2020-10-05,0.019500641310154908
2020-10-06,-0.015272330049972083
2020-10-07,0.013788167317636577
2020-10-08,0.009500786622130448
2020-10-09,0.00800190148710323
2020-10-12,0.01970455716167315
2020-10-13,-0.004027813826375737
2020-10-14,-0.0057009006523878435
2020-10-15,-0.005188059487685642
2020-10-16,-0.001697005123169448
2020-10-19,-0.019389301116273443
2020-10-20,0.0038840851036500085
2020-10-21,-0.001356935449462341
2020-10-22,0.008864408689827616
2020-10-23,0.0033828320319049315
2020-10-26,-0.017068282977488934
2020-10-27,0.0006156512423809434
2020-10-28,-0.04016787820510213
2020-10-29,0.01575374609543546
2020-10-30,-0.012322169902710895
2020-11-02,0.014532804699250723
2020-11-03,0.014935223303908453
2020-11-04,0.033775811035004724
2020-11-05,0.01707449416292352
2020-11-06,-0.002071557565365571
2020-11-09,0.01295706188170623
2020-11-10,-0.002710195341333173
2020-11-11,0.010502294194170111
2020-11-12,-0.00809098791193871
2020-11-13,0.008889251017882294
2020-11-16,0.011659734811074103
2020-11-17,0.0008668774135213287
2020-11-18,-0.007120395548678826
2020-11-19,0.004207753399814083
2020-11-20,-0.007650037304553196
2020-11-23,0.011682140706932931
2020-11-24,0.01916786145189721
2020-11-25,9.918053122252358e-05
2020-11-27,0.003423985951304609
2020-11-30,-0.007890918547712318
2020-12-01,0.013550965037190457
2020-12-02,0.00523783687659032
2020-12-03,-0.0011391509059370062
2020-12-04,0.010853120132934477
2020-12-07,0.002930781507120005
2020-12-08,0.005423933178196733
2020-12-09,-0.013250084069357472
2020-12-10,0.0009384930806112675
2020-12-11,-0.003523262865787197
2020-12-14,-0.0038146068675972205
2020-12-15,0.007285369195733057
2020-12-16,0.0030641844619686246
2020-12-17,0.005629403256613992
2020-12-18,0.0010494762843222816
2020-12-21,-0.005654863487441133
2020-12-22,-0.005555505714919615
2020-12-23,0.0010805303455245342
2020-12-24,0.004787846067871754
2020-12-28,0.011399070936387541
2020-12-29,0.000643976949686431
2020-12-30,0.0025172460104161535
2020-12-31,0.00485213912720354
2021-01-04,-0.009131287107956625
2021-01-05,0.008912067025066731
2021-01-06,-0.0003627413232017432
2021-01-07,0.02157180913718206
2021-01-08,0.007584126813315556
2021-01-11,-0.006828974205302593
2021-01-12,-0.00023078757748011048
2021-01-13,0.004939347507274767
2021-01-14,-0.004763385238376315
2021-01-15,-0.00953844688485766
2021-01-19,0.013035847594577621
2021-01-20,0.012919863733242682
2021-01-21,0.0004357545921493583
2021-01-22,-0.0032003068572283916
2021-01-25,0.005489276248062175
2021-01-26,-0.0001657095193529079
2021-01-27,-0.028081580262194046
2021-01-28,0.006061414496416445
2021-01-29,-0.02170295575799252
2021-02-01,0.017518606436338357
2021-02-02,0.013412164708883444
2021-02-03,0.005364994866784459
2021-02-04,0.00648686577087779
2021-02-05,0.0033063517703169933
2021-02-08,0.006569538813660057
2021-02-09,-0.002581136507822576
2021-02-10,-0.0009493711269403174
2021-02-11,0.0006585242766137618
2021-02-12,0.0016985378482563232
2021-02-16,0.0022792099381163415
2021-02-17,0.003416484587254988
2021-02-18,-0.002166108574042221
2021-02-19,-0.007840395407095215
2021-02-22,-0.007290963512917647
2021-02-23,0.0014592549360960055
2021-02-24,0.014522552959541794
2021-02-25,-0.02680628582025746
2021-02-26,-0.0032339749393095097
2021-03-01,0.021705195877842094
2021-03-02,-0.009953551686632384
2021-03-03,-0.014624855024849497
2021-03-04,-0.008993576873208021
2021-03-05,0.018306911218298562
2021-03-08,-0.015206050292325406
2021-03-09,0.026323536262747537
2021-03-10,0.004246087234053057
2021-03-11,0.013694632022795089
2021-03-12,-0.002065772746108283
2021-03-15,0.007013863524154846
2021-03-16,0.0012725239250418708
2021-03-17,0.0011294254570892168
2021-03-18,-0.020262334244679273
2021-03-19,0.0011850892902961116
2021-03-22,0.008972616322577731
2021-03-23,-0.003296113994956773
2021-03-24,-0.007040156726693187
2021-03-25,0.0009022743332018725
2021-03-26,0.015088644051142543
2021-03-29,0.0033328671877570428
2021-03-30,-0.007414356829509619
2021-03-31,0.007808318107678741
2021-04-01,0.0109335316423793
2021-04-05,0.013248994302782485
2021-04-06,-0.0049589794077679284
2021-04-07,0.005466371546420231
2021-04-08,0.0032953970364430355
2021-04-09,0.005889766793432875
2021-04-12,0.0030610901377780856
2021-04-13,0.006898041009685051
2021-04-14,-0.007213258604096107
2021-04-15,0.012980435035053825
2021-04-16,0.0017663035966657234
2021-04-19,-0.006863779695285973
2021-04-20,-0.002626911762385435
2021-04-21,0.008668164604027171
2021-04-22,-0.013801888581377127
2021-04-23,0.011231983285395769
2021-04-26,0.0010254367564357875
2021-04-27,-0.0030699567121384433
2021-04-28,0.0026132149569955752
2021-04-29,0.007852331623417757
2021-04-30,-0.006684395557123808
2021-05-03,0.003397729440616435
2021-05-04,-0.0074588474713492645
2021-05-05,0.0036677503144498867
2021-05-06,0.007999055563051952
2021-05-07,0.005762457597974631
2021-05-10,-0.014686364806687117
2021-05-11,-0.008599047836325832
2021-05-12,-0.016211905127538347
2021-05-13,0.007590949089407513
2021-05-14,0.01661405149493672
2021-05-17,0.0011458521108726905
2021-05-18,-0.009631982105624572
2021-05-19,-0.0035815340283612616
2021-05-20,0.012766663577002513
2021-05-21,-0.0015723258041072969
2021-05-24,0.014117711005458618
2021-05-25,-0.0030988298586428925
2021-05-26,0.0017827944058168687
2021-05-27,-0.004469985693124449
2021-05-28,0.0028777468741430197
2021-06-01,-0.00048581178815175583
2021-06-02,0.0036763404229971375
2021-06-03,-0.006243992372354932
2021-06-04,0.01137949433439088
2021-06-07,-0.001144721365099318
2021-06-08,-0.0006664798062146481
2021-06-09,0.0016280537566327866
2021-06-10,0.008484703852474894
2021-06-11,-0.0006017119708429789
2021-06-14,0.005002319572489175
2021-06-15,-0.0018320746242048531
2021-06-16,-0.002890547308403114
2021-06-17,0.005717623126902722
2021-06-18,-0.01376820427262562
2021-06-21,0.01106825536506136
2021-06-22,0.0063755161046299535
2021-06-23,0.0016858053287558403
2021-06-24,0.006259366234510035
2021-06-25,-0.0006194050764484202
2021-06-28,0.0057936192639667155
2021-06-29,-0.0005198459264992785
2021-06-30,0.001846013344184771
2021-07-01,0.004899623114849261
2021-07-02,0.009252856052614672
2021-07-06,-0.00043089549300474135
2021-07-07,-0.0001830038608790185
2021-07-08,-0.005332112609643169
2021-07-09,0.007970525442055343
2021-07-12,0.0064382428461960215
2021-07-13,-0.00030772052619656705
2021-07-14,-0.0016783923954711228
2021-07-15,-0.004838926529323081
2021-07-16,-0.00977618093174809
2021-07-19,-0.01301605037028788
2021-07-20,0.0077933297470959804
2021-07-21,0.010678684776837463
2021-07-22,0.0018390046394599192
2021-07-23,0.01112016580481127
2021-07-26,0.004348389286645202
2021-07-27,-0.005329338062164551
2021-07-28,0.0014626900874099933
2021-07-29,0.0033906055024207496
2021-07-30,-0.007227047940436475
2021-08-02,-0.0008517129759245861
2021-08-03,0.006515999444539344
2021-08-04,-0.00433088751086359
2021-08-05,0.004696456137112774
2021-08-06,-0.0007081812451128361
2021-08-09,-0.0015011531453607131
2021-08-10,0.00010521780655014471
2021-08-11,-0.001504902809820068
2021-08-12,0.005647457506263405
2021-08-13,0.0025988410874652817
2021-08-16,0.0022509173472362587
2021-08-17,-0.006536188763894501
2021-08-18,-0.011965638883096428
2021-08-19,0.003252771706948568
2021-08-20,0.008212440850229355
2021-08-23,0.013344672822439068
2021-08-24,-0.00020595600588505872
2021-08-25,0.0013859243365588621
2021-08-26,-0.005337180302146182
2021-08-27,0.009283444159353855
2021-08-30,0.00639493191641485
2021-08-31,-0.0035017620057333897
2021-09-01,-0.0032230973652275534
2021-09-02,0.001146763258222685
2021-09-03,0.0021100968889964503
2021-09-07,-0.0016116868607965835
2021-09-08,-0.002086659089884523
2021-09-09,-0.0069449983667377
2021-09-10,-0.006954449293893567
2021-09-13,0.0056333494226578126
2021-09-14,-0.0042910270543921785
2021-09-15,0.00992546366552464
2021-09-16,-0.0028818305372450004
2021-09-17,-0.00784238694422525
2021-09-20,-0.018754451545611294
2021-09-21,0.0022268352384807112
2021-09-22,0.008703694118707533
2021-09-23,0.012156215554838184
2021-09-24,0.004263559873614443
2021-09-27,-3.911483713882693e-06
2021-09-28,-0.016630989909278842
2021-09-29,0.003032503894717171
2021-09-30,-0.009857915168469431
2021-10-01,0.015887060689102832
2021-10-04,-0.012868831697371002
2021-10-05,0.009934826823205288
2021-10-06,0.004662781770398009
2021-10-07,0.010311859791200867
2021-10-08,0.0005497355422901096
2021-10-11,-0.006692149924579128
2021-10-12,-0.004968268180864715
2021-10-13,0.0016191789829415539
2021-10-14,0.01585261901190595
2021-10-15,0.009646214038336362
2021-10-18,0.0030457147694691383
2021-10-19,0.008782237101444657
2021-10-20,0.0035504661073123625
2021-10-21,0.0025179119240461008
2021-10-22,-0.00157284648185659
2021-10-25,0.010924628759965865
2021-10-26,0.009401253227581906
2021-10-27,-0.005975969467197497
2021-10-28,0.011745947590212597
2021-10-29,0.009962148198856293
2021-11-01,0.0028442409392441612
2021-11-02,0.00346059285494257
2021-11-03,0.006131065147929457
2021-11-04,0.012062996911584214
2021-11-05,0.0005687349650611391
2021-11-08,-0.0003600741430900031
2021-11-09,-0.007087588264563854
2021-11-10,-0.005598948128183037
2021-11-11,-0.00033755414385828217
2021-11-12,0.005765069022373034
2021-11-15,0.00037913041053557346
2021-11-16,0.003324854543701991
2021-11-17,-0.003256146768968058
2021-11-18,0.007976025496062984
2021-11-19,-0.002680511036701817
2021-11-22,-0.004586485950459863
2021-11-23,0.006288889134147621
2021-11-24,0.003913255968631105
2021-11-26,-0.02446704420893236
2021-11-29,0.013728840864285384
2021-11-30,-0.01578560150576285
2021-12-01,-0.008606906050741468
2021-12-02,0.00784322151057275
2021-12-03,-0.006930659902990503
2021-12-06,0.013154548901217483
2021-12-07,0.020011305394275876
2021-12-08,0.004914301821126633
2021-12-09,-0.005002022081062429
2021-12-10,0.010695933729294466
2021-12-13,-0.010450438293049948
2021-12-14,-0.0018233975818144647
2021-12-15,0.018811944153399512
2021-12-16,-0.010875375436888308
2021-12-17,-0.011194170788177285
2021-12-20,-0.006286084699473689
2021-12-21,0.014940555942759712
2021-12-22,0.013050836737580888
2021-12-23,0.006523790125372902
2021-12-27,0.014750931938942417
2021-12-28,-0.00112966762185101
2021-12-29,-0.00020334079191953856
2021-12-30,-0.0038834842232075124
2021-12-31,-0.0047659617548018425
2022-01-03,0.01676684143994452
2022-01-04,-0.0020560739683881516
2022-01-05,-0.015993808522864306
2022-01-06,-0.0017903137060842162
2022-01-07,-0.00445033111018885
2022-01-10,0.00221559654571293
2022-01-11,0.008413928812334819
2022-01-12,0.0038763314175209603
2022-01-13,-0.01879553351826552
2022-01-14,0.004819579442362825
2022-01-18,-0.01529642234671293
2022-01-19,-0.006901957187134531
2022-01-20,-0.009792695169164947
2022-01-21,-0.020471058829133575
2022-01-24,-0.0007310709354101815
2022-01-25,-0.005821568571889947
2022-01-26,0.006447915862281358
2022-01-27,-0.005224774252679982
2022-01-28,0.02366525808887324
2022-01-31,0.021837607969891898
2022-02-01,0.009073703994144897
2022-02-02,0.011818825045447344
2022-02-03,-0.03192583597497792
2022-02-04,0.01141513425836372
2022-02-07,-0.004804190570518704
2022-02-08,0.004826179540020391
2022-02-09,0.011827474195369114
2022-02-10,-0.01779219872466403
2022-02-11,-0.017151666091434963
2022-02-14,-0.00034131212008672564
2022-02-15,0.017253498068356448
2022-02-16,0.0006713871946158343
2022-02-17,-0.021411451662475805
2022-02-18,-0.008010280257846348
2022-02-22,-0.009472966652617579
2022-02-23,-0.016406807701973256
2022-02-24,0.010123156945919129
2022-02-25,0.02445147795792272
2022-02-28,0.0007457750153284218
2022-03-01,-0.011691325906310094
2022-03-02,0.015498500660754729
2022-03-03,-0.006344763482754615
2022-03-04,-0.0019446853368744002
2022-03-07,-0.025231137809410727
2022-03-08,-0.002983974500450009
2022-03-09,0.02269215690970787
2022-03-10,-0.002857944050748363
2022-03-11,-0.01476938578649016
2022-03-14,-0.008137401416193155
2022-03-15,0.02260058959758667
2022-03-16,0.02086205207664996
2022-03-17,0.013031928496595955
2022-03-18,0.01538799005308882
2022-03-21,0.003792517939298597
2022-03-22,0.012799586810171515
2022-03-23,-0.006954973893791387
2022-03-24,0.01822730988605755
2022-03-25,0.005644306754000485
2022-03-28,0.007853108634678745
2022-03-29,0.0084032553032586
2022-03-30,-0.0029897689958948087
2022-03-31,-0.014637200249071723
2022-04-01,0.005267969336531711
2022-04-04,0.011512593848194258
2022-04-05,-0.011489674234694316
2022-04-06,-0.009189794719574101
2022-04-07,0.004615014532100762
2022-04-08,-0.0034022967048708426
2022-04-11,-0.022669505838788857
2022-04-12,-0.002109591888919928
2022-04-13,0.008431038384611893
2022-04-14,-0.01274201670763224
2022-04-18,0.0037184288854779208
2022-04-19,0.0129772327370432
2022-04-20,-0.005939479478552803
2022-04-21,-0.01495134687462747
2022-04-22,-0.02245507447748539
2022-04-25,0.006763929227286611
2022-04-26,-0.030555135149569666
2022-04-27,0.0017830449613521263
2022-04-28,0.03631139616432988
2022-04-29,-0.037246379940662926
2022-05-02,0.01122631540446251
2022-05-03,0.003389783145313716
2022-05-04,0.02969102553510911
2022-05-05,-0.03675493697360357
2022-05-06,-0.0005303424471643038
2022-05-09,-0.03588830158526856
2022-05-10,0.008136437953951883
2022-05-11,-0.01659979679453802
2022-05-12,-0.001621941645460207
2022-05-13,0.026283293399011008
2022-05-16,-0.0011250685806749104
2022-05-17,0.019657712635882976
2022-05-18,-0.04175574719271262
2022-05-19,-0.007957788414744772
2022-05-20,-0.0016669188835677418
2022-05-23,0.017662319615873254
2022-05-24,-0.012666043420494117
2022-05-25,0.011377896318655644
2022-05-26,0.01934991711893707
2022-05-27,0.025238813081254582
2022-05-31,-0.005289405812273192
2022-06-01,-0.006916733809210219
2022-06-02,0.01718344828846885
2022-06-03,-0.019128138804788985
2022-06-06,0.0038925191013511203
2022-06-07,0.011131932550290564
2022-06-08,-0.0045480672878140515
2022-06-09,-0.024641494119803646
2022-06-10,-0.027182160258652364
2022-06-13,-0.0405345837340619
2022-06-14,-0.0033052612626207683
2022-06-15,0.01618915784775274
2022-06-16,-0.02948901226133313
2022-06-17,-0.000957358837276052
2022-06-21,0.03349138476224216
2022-06-22,-0.0019279289299894537
2022-06-23,0.008586962966938314
2022-06-24,0.028846297911715772
2022-06-27,-0.001493751988462275
2022-06-28,-0.02149414496878794
2022-06-29,8.255682417211907e-05
2022-06-30,-0.013294477027272945
2022-07-01,0.0072541984098418106
2022-07-05,0.006576818858758123
2022-07-06,0.003929449250495493
2022-07-07,0.01747026080602042
2022-07-08,0.0014601906760454944
2022-07-11,-0.015688765262334814
2022-07-12,-0.008864624567316706
2022-07-13,-0.0015364660262431138
2022-07-14,-0.002508672940380466
2022-07-15,0.019577809861893322
2022-07-18,-0.007617917013076144
2022-07-19,0.02449843221503091
2022-07-20,0.004795030389854477
2022-07-21,0.010033582402598452
2022-07-22,-0.012557090139032124
2022-07-25,0.002172501952567901
2022-07-26,-0.012372023980352753
2022-07-27,0.028932252730059435
2022-07-28,0.005306348871645754
2022-07-29,0.014965010613126153
2022-08-01,-0.003863971537558556
2022-08-02,-0.00566305692216308
2022-08-03,0.015317188799395469
2022-08-04,-0.002762938821953541
2022-08-05,-0.0032712052983405243
2022-08-08,-0.0035526373519044747
2022-08-09,-0.003756510041389444
2022-08-10,0.020615918568698707
2022-08-11,-0.0029859632676615335
2022-08-12,0.01667473145342592
2022-08-15,0.004308439332185338
2022-08-16,-0.00021867888269749844
2022-08-17,-0.007262857786678462
2022-08-18,0.0053431727681285185
2022-08-19,-0.0124984542428891
2022-08-22,-0.018489781157302983
2022-08-23,0.0003363330709868621
2022-08-24,0.0012681869847843326
2022-08-25,0.014951312089286885
2022-08-26,-0.033150605422825365
2022-08-29,-0.006712685430137903
2022-08-30,-0.012349960091161034
2022-08-31,-0.00829199800934982
2022-09-01,0.0021968932366927844
2022-09-02,-0.010125501531844482
2022-09-06,-0.003340069033515383
2022-09-07,0.012687179044839
2022-09-08,0.0068540986362694385
2022-09-09,0.01725417753291358
2022-09-12,0.010797367450155236
2022-09-13,-0.044159080360175525
2022-09-14,0.008910631608018475
2022-09-15,-0.008668573376545339
2022-09-16,-0.002663938800383563
2022-09-19,0.0040994756154587204
2022-09-20,-0.007837123717187162
2022-09-21,-0.016474231173138825
2022-09-22,-0.0018387376756536292
2022-09-23,-0.017850432462252368
2022-09-26,-0.00993885378522153
2022-09-27,-0.0016259170720446987
2022-09-28,0.01826439505746745
2022-09-29,-0.021683836311167683
2022-09-30,-0.016182990548815505
2022-10-03,0.020861076422889088
2022-10-04,0.028463964194336104
2022-10-05,0.0008125861698332997
2022-10-06,-0.007745894639300519
2022-10-07,-0.02811063201627313
2022-10-10,-0.00876997622420653
2022-10-11,-0.007642724726746812
2022-10-12,0.0021532118828350086
2022-10-13,0.027402339668719466
2022-10-14,-0.022685952071314585
2022-10-17,0.03035085493466485
2022-10-18,0.00643964161601133
2022-10-19,-0.0004638294152581135
2022-10-20,-0.005302704511349769
2022-10-21,0.023847884806940688
2022-10-24,0.009839244071021313
2022-10-25,0.014698256133649093
2022-10-26,-0.009305094649380776
2022-10-27,-0.017719815522221755
2022-10-28,0.018567302608381027
2022-10-31,-0.009449304931815394
2022-11-01,-0.006077353874379021
2022-11-02,-0.025776474383481473
2022-11-03,-0.010162050092259275
2022-11-04,0.01479401120986755
2022-11-07,0.0119421544219373
2022-11-08,0.003523179138866535
2022-11-09,-0.02221119131790003
2022-11-10,0.054992911469380505
2022-11-11,0.00742313921445325
2022-11-14,-0.003277067418966168
2022-11-15,0.007741077148840789
2022-11-16,-0.00847383245430855
2022-11-17,-0.0009333571367384408
2022-11-18,0.002774463983006465
2022-11-21,-0.008392380745247915
2022-11-22,0.016184714497807562
2022-11-23,0.010218203225967688
2022-11-25,-0.002403264353574734
2022-11-28,-0.012313042952784969
2022-11-29,-0.0039370398903172035
2022-11-30,0.038912411502093014
2022-12-01,-0.0004989790778105092
2022-12-02,-0.0013928138491511493
2022-12-05,-0.016664709048039066
2022-12-06,-0.018246215699661714
2022-12-07,-0.002102993023985385
2022-12-08,0.010944812531257769
2022-12-09,-0.005337560678807127
2022-12-12,0.010047518905099338
2022-12-13,0.009154149783653611
2022-12-14,-0.0033636909121733303
2022-12-15,-0.023431206392716224
2022-12-16,-0.009099439241385553
2022-12-19,-0.007393879520973583
2022-12-20,-0.0018847449347990468
2022-12-21,0.013650323845819934
2022-12-22,-0.019832054092293005
2022-12-23,0.0057961914987351825
2022-12-27,-0.011840051697235872
2022-12-28,-0.008207826389931073
2022-12-29,0.0192715841587292
2022-12-30,0.00035711039054033466
2023-01-03,-0.010871139413470503
2023-01-04,0.005036292235855178
2023-01-05,-0.010024590103089858
2023-01-06,0.02234676592559692
2023-01-09,-0.0010516661791859624
2023-01-10,0.005063207775103988
2023-01-11,0.011348181938600809
2023-01-12,0.003763916240859453
2023-01-13,0.005090184481912847
2023-01-17,0.0032176778837461686
2023-01-18,-0.016981847905696422
2023-01-19,-0.0036549506750302315
2023-01-20,0.01986722236948054
2023-01-23,0.012984496211435999
2023-01-24,0.000572934654914407
2023-01-25,-0.0010775456278065668
2023-01-26,0.019231582816088607
2023-01-27,0.007955724386720191
2023-01-30,-0.01948124768604049
2023-01-31,0.014816227732034446
2023-02-01,0.01204939975706442
2023-02-02,0.020950257731418846
2023-02-03,-0.00751965421385524
2023-02-06,-0.00039167815621572554
2023-02-07,0.016923378388575838
2023-02-08,-0.010764153439345303
2023-02-09,-0.004555296985309358
2023-02-10,0.0004715692525430464
2023-02-13,0.009786426102885987
2023-02-14,0.005240397186283335
2023-02-15,-0.0002886106256234891
2023-02-16,-0.017054630357298938
2023-02-17,-0.0006827934001985992
2023-02-21,-0.01621230546426135
2023-02-22,-0.0011379789731153379
2023-02-23,0.012829041776742081
2023-02-24,-0.00977457814720955
2023-02-27,0.006023513209928591
2023-02-28,-0.003996062425096838
2023-03-01,-0.005167489421586858
2023-03-02,0.0031009561997125063
2023-03-03,0.020793882678277895
2023-03-06,0.0035082449433806394
2023-03-07,-0.013177235844204504
2023-03-08,-0.003044252030077527
2023-03-09,-0.01771747352025386
2023-03-10,-0.005323872879861018
2023-03-13,0.003460744631884912
2023-03-14,0.022646778128790155
2023-03-15,-0.0027140889342593386
2023-03-16,0.017589188554157725
2023-03-17,-0.010200696840022542
2023-03-20,0.009337182687679241
2023-03-21,0.017473267795285498
2023-03-22,-0.01314481691393709
2023-03-23,0.005331019178257925
2023-03-24,0.003633358341708476
2023-03-27,0.0003799089068362327
2023-03-28,-0.0042856852618092306
2023-03-29,0.010310964638942625
2023-03-30,0.006222511477059446
2023-03-31,0.01435037848091134
2023-04-03,0.009068217075931485
2023-04-04,-0.0026645312656791154
2023-04-05,0.0008138568558781733
2023-04-06,0.004219309543169724
2023-04-10,-0.0017666430899537968
2023-04-11,-0.0025046552109881876
2023-04-12,-0.00439960037222109
2023-04-13,0.016627769971722238
2023-04-14,0.002292453045589208
2023-04-17,-0.0012338942064884998
2023-04-18,-0.0004351891432546451
2023-04-19,-0.0013660111074922496
2023-04-20,-0.007954364185096806
2023-04-21,0.0035690670880985163
2023-04-24,0.0018338489327528768
2023-04-25,-0.010422101500197652
2023-04-26,-0.0038678553942230296
2023-04-27,0.019182620539262518
2023-04-28,0.006530538334092383
2023-05-01,0.001977760651729388
2023-05-02,-0.011979740586868256
2023-05-03,-0.007226509518804275
2023-05-04,-0.005483103091254585
2023-05-05,0.01909435870800668
2023-05-08,0.001890904583577096
2023-05-09,-0.005389220171947157
2023-05-10,0.005238521226255097
2023-05-11,0.002934669350848394
2023-05-12,-0.0025094774887454703
2023-05-15,0.0011931241134648324
2023-05-16,-0.0025694094879565492
2023-05-17,0.012402857043081627
2023-05-18,0.008541013073789048
2023-05-19,0.001749656495275346
2023-05-22,-0.0031809010344224665
2023-05-23,-0.006706889979620767
2023-05-24,-0.0025893811693316
2023-05-25,0.016670201240066133
2023-05-26,0.017151112519500727
2023-05-30,-0.0004620436149402701
2023-05-31,-0.003389856453788291
2023-06-01,0.010085492583319243
2023-06-02,0.014332761081651336
2023-06-05,-0.0005718544800290239
2023-06-06,-0.003702526220162927
2023-06-07,-0.007419530589752705
2023-06-08,0.0107148727164331
2023-06-09,0.003320930712086513
2023-06-12,0.009094406699130907
2023-06-13,0.004662077827149353
2023-06-14,0.0007330390085456738
2023-06-15,0.009849454140906858
2023-06-16,-0.001856868227942405
2023-06-20,0.0016157012826767026
2023-06-21,-0.005617484629300155
2023-06-22,0.008108661303139962
2023-06-23,-0.007250593667166559
2023-06-26,-0.012070627506836257
2023-06-27,0.010575229978533605
2023-06-28,-8.248244144798417e-05
2023-06-29,0.005022033940540466
2023-06-30,0.013859812049033696
2023-07-03,0.003123309439023157
2023-07-05,0.0007298744214140526
2023-07-06,-0.009542460289220345
2023-07-07,-0.006446224801372487
2023-07-10,-7.373077984196909e-05
2023-07-11,0.00462881056545083
2023-07-12,0.007082986549612943
2023-07-13,0.008549033621835905
2023-07-14,0.0037251451974562224
2023-07-17,0.004244290974410573
2023-07-18,0.004795248166243802
2023-07-19,0.002449722380645675
2023-07-20,-0.006332411239900077
2023-07-21,0.0006115100705526377
2023-07-24,0.006059542506163188
2023-07-25,0.002888256132694296
2023-07-26,-0.00119978102969353
2023-07-27,-0.001652319359940412
2023-07-28,0.014413072633520005
2023-07-31,0.0005339781838319469
2023-08-01,-0.002647738820679202
2023-08-02,-0.01367402842782053
2023-08-03,0.002076604165315305
2023-08-04,-0.0026624414359539606
2023-08-07,0.010365638929498884
2023-08-08,-0.006089881837524514
2023-08-09,-0.010378476914885052
2023-08-10,0.0006629949155886635
2023-08-11,0.0003557781492858592
2023-08-14,0.009619491560276422
2023-08-15,-0.013110818898056988
2023-08-16,-0.00909911627977881
2023-08-17,-0.007024138190282649
2023-08-18,-0.0008926346796630144
2023-08-21,0.012600584680457147
2023-08-22,-0.006484239232823541
2023-08-23,0.011703709800699253
2023-08-24,-0.012783953260411188
2023-08-25,0.006208921448148071
2023-08-28,0.0045160704997142895
2023-08-29,0.016257385419870762
2023-08-30,0.002576009661891347
2023-08-31,-0.0010796040646251749
2023-09-01,-0.0035404921600732204
2023-09-05,0.0009596810707420872
2023-09-06,-0.0076525553445396305
2023-09-07,0.0012855566765287427
2023-09-08,0.0013100098487371125
2023-09-11,0.01041700234331111
2023-09-12,-0.004068367982928021
2023-09-13,0.0052723346218419434
2023-09-14,0.008907496172010525
2023-09-15,-0.01284516637234973
2023-09-18,0.002250352757119156
2023-09-19,-0.0026977056100455274
2023-09-20,-0.009148000295569756
2023-09-21,-0.013921790206304666
2023-09-22,-0.000807507473195147
2023-09-25,0.005215186982637442
2023-09-26,-0.012343143187918255
2023-09-27,-0.00021233961079638805
2023-09-28,0.006175560359526876
2023-09-29,-0.004959913209767389
2023-10-02,0.0060625988855184665
2023-10-03,-0.01208439176731992
2023-10-04,0.007575908367217078
2023-10-05,-0.0020514931796038467
2023-10-06,0.010386612849557155
2023-10-09,0.006268875193466231
2023-10-10,0.0035106086419964327
2023-10-11,0.0004932572385008611
2023-10-12,-0.001073654091631984
2023-10-13,-0.002528937821848715
2023-10-16,0.00822805670462148
2023-10-17,-0.002275936496478849
2023-10-18,-0.009369042817302421
2023-10-19,-0.012126714849339582
2023-10-20,-0.01018733618508463
2023-10-23,-0.00020611844557440683
2023-10-24,0.006188505702837812
2023-10-25,-0.014215293769416232
2023-10-26,-0.015816606805073557
2023-10-27,-0.006799464718273418
2023-10-30,0.011106205299218937
2023-10-31,0.002927986095198269
2023-11-01,0.011888250119923678
2023-11-02,0.01689184122860166
2023-11-03,0.003532304486869216
2023-11-06,0.0034955018557681658
2023-11-07,0.004305935311715211
2023-11-08,0.0010265900142183981
2023-11-09,-0.008829148544060755
2023-11-10,0.014926153705065441
2023-11-13,0.0027944420159121863
2023-11-14,0.011578856906665725
2023-11-15,-0.0007711471670907392
2023-11-16,0.0007647202370478717
2023-11-17,0.002053406772726943
2023-11-20,0.005851479064217378
2023-11-21,-0.000676745807309673
2023-11-22,0.0011073756770922682
2023-11-24,-2.9527065870307422e-05
2023-11-27,-0.0030940859023897488
2023-11-28,0.0029081719131406943
2023-11-29,-0.005230208664408419
2023-11-30,0.0024606423271672628
2023-12-01,0.00188765988952518
2023-12-04,-0.005610350780584237
2023-12-05,0.0009966345544736295
2023-12-06,-0.006084291692679883
2023-12-07,0.008708727729600711
2023-12-08,0.00514695308611378
2023-12-11,0.001438400913482346
2023-12-12,0.006398032090725165
2023-12-13,0.010204012274712057
2023-12-14,0.001578963181192055
2023-12-15,0.0018033975111736186
2023-12-18,0.00849370376893702
2023-12-19,0.004698691765952963
2023-12-20,-0.013907736290863478
2023-12-21,0.009835660630045224
2023-12-22,0.001527089480832386
2023-12-26,0.003802045243601078
2023-12-27,0.0015626448450980182
2023-12-28,-0.0019237054814841836
2023-12-29,-0.002467540723046835
2024-01-02,0.0016385978539462727
2024-01-03,-0.002912747191261604
2024-01-04,-0.0024987912825628995
2024-01-05,0.00047038245789497854
2024-01-08,0.01150386735059018
2024-01-09,-0.00014806915239664218
2024-01-10,0.006309844755314524
2024-01-11,-0.0004182774594217452
2024-01-12,-0.0006613924322774124
2024-01-16,-0.004399892183684133
2024-01-17,-0.003048159760181659
2024-01-18,0.006554738774602213
2024-01-19,0.010635338044766005
2024-01-22,0.0011521184255967847
2024-01-23,0.006136496629328808
2024-01-24,0.0035413941046943025
2024-01-25,-0.0011325371157683965
2024-01-26,-7.259189282814269e-05
2024-01-29,0.008653704574490217
2024-01-30,0.0014796469418162368
2024-01-31,-0.016663442910832965
2024-02-01,0.01215941512040687
2024-02-02,0.021702020623953166
2024-02-05,-0.001406681861732558
2024-02-06,0.002980359685692996
2024-02-07,0.010205295332843718
2024-02-08,0.0011766179100778863
2024-02-09,0.00181763042247317
2024-02-12,-0.002656068829256323
2024-02-13,-0.01002771695376667
2024-02-14,0.006589326925741107
2024-02-15,0.009407946432304063
2024-02-16,-0.00463039315201464
2024-02-20,-0.006527553377151261
2024-02-21,0.003105549454499423
2024-02-22,0.02401502623953589
2024-02-23,-0.0014340249085235677
2024-02-26,-0.001969586340720863
2024-02-27,-0.0020366423122726235
2024-02-28,-0.003423266219407787
2024-02-29,0.002099723648255429
2024-03-01,0.00907136514140457
2024-03-04,-0.010828023924215032
2024-03-05,-0.010314141581792249
2024-03-06,0.002074337128080577
2024-03-07,0.01126023314652037
2024-03-08,-0.00803478752297011
2024-03-11,0.0010190479236023933
2024-03-12,0.010466801390669755
2024-03-13,-0.003719980499408643
2024-03-14,-0.0004251874834131117
2024-03-15,-0.006021637460050836
2024-03-18,0.011418038372677066
2024-03-19,0.004475918641808629
2024-03-20,0.00771428050618735
2024-03-21,0.002462367058076102
2024-03-22,0.0008625827828788238
2024-03-25,-0.0008170545303606527
2024-03-26,-0.001467915312737464
2024-03-27,0.006924231251336603
2024-03-28,0.00023686333662892918
2024-04-01,0.0009853095868414975
2024-04-02,-0.007340637361095482
2024-04-03,-0.0014303072589717278
2024-04-04,-0.011719611944315669
2024-04-05,0.00874640652675933
2024-04-08,0.0007312846643296889
2024-04-09,0.002536064926509509
2024-04-10,-0.004611801460755047
2024-04-11,0.00796957187578486
2024-04-12,-0.015272203958501509
2024-04-15,-0.01240987157008797
2024-04-16,-0.0007185793170406622
2024-04-17,-0.003224647198814896
2024-04-18,8.688840755933283e-05
2024-04-19,-0.008872123544869425
2024-04-22,0.008295682329882276
2024-04-23,0.009030765367671266
2024-04-24,0.00752478775053515
2024-04-25,-0.0003304798586610946
2024-04-26,0.008947376958072182
2024-04-29,0.006711551736910865
2024-04-30,-0.016024744691562835
2024-05-01,-0.002279035863132476
2024-05-02,0.007067486561711195
2024-05-03,0.010970300311827176
2024-05-06,0.00962560320692273
2024-05-07,0.0013056837798106746
2024-05-08,-8.512579682873342e-05
2024-05-09,0.0034869158376502184
2024-05-10,0.0019549187070229557
2024-05-13,0.0009334601157456135
2024-05-14,0.005705662063565665
2024-05-15,0.010549593700915131
2024-05-16,-0.0009126902793702614
2024-05-17,0.0027708257561201433
2024-05-20,-0.0052383360436519385
2024-05-21,0.0044289632965716814
2024-05-22,-0.005399741244600119
2024-05-23,-0.005920486586914444
2024-05-24,0.004824083050690456
2024-05-28,-0.0012201430527335527
2024-05-29,-0.007208334876817768
2024-05-30,-0.005279404750968417
2024-05-31,0.007389271383140574
2024-06-03,0.0016815777710079073
2024-06-04,0.0032130268406155233
2024-06-05,0.010851894005211606
2024-06-06,0.004337800212285352
2024-06-07,-0.0015576195405025606
2024-06-10,0.0014191488232888501
2024-06-11,0.002095800579860714
2024-06-12,0.002143414350543444
2024-06-13,0.008910471730981738
2024-06-14,0.0019998941588892185
2024-06-17,0.008586026707174305
2024-06-18,-0.00047331322978881086
2024-06-20,0.0007890098375060407
2024-06-21,-0.00420488983595298
2024-06-24,0.0003954437748803402
2024-06-25,0.004795066289819479
2024-06-26,0.005201960131957388
2024-06-27,-0.000812000814201118
2024-06-28,-0.004813515688059156
2024-07-01,0.00874960933485418
2024-07-02,0.0097584379685966
2024-07-03,0.006086050628417131
2024-07-05,0.006962278522102337
2024-07-08,-0.0011687077440623458
2024-07-09,0.0030662739734231468
2024-07-10,0.009422577585144122
2024-07-11,-0.014901349649782533
2024-07-12,0.0028353862631000986
2024-07-15,0.003559201332165011
2024-07-16,0.0034658860765627354
2024-07-17,-0.0046474091027274645
2024-07-18,-0.004053188970996843
2024-07-19,-0.007895925824527274
2024-07-22,0.008335100223896169
2024-07-23,-0.004065516922158248
2024-07-24,-0.02286836072492602
2024-07-25,0.0003721645624598332
2024-07-26,0.009973823493737278
2024-07-29,0.0018225848773784814
2024-07-30,-0.010770666014926296
2024-07-31,0.017045071422593316
2024-08-01,-0.011506260099743027
2024-08-02,-0.010514898392387659
2024-08-05,-0.0305570887094664
2024-08-06,0.005027422401557204
2024-08-07,-0.00635379700186167
2024-08-08,0.021410461493437467
2024-08-09,0.0049118131622455
2024-08-12,0.00013053242787820603
2024-08-13,0.015671149909091284
2024-08-14,0.0018868586347187133
2024-08-15,0.015820954529536572
2024-08-16,0.0014612756076021192
2024-08-19,0.00913871648385179
2024-08-20,-0.0022284271135865246
2024-08-21,0.00213888280462429
2024-08-22,-0.008376706607976537
2024-08-23,0.01074411776311149
2024-08-26,-0.004135017778859933
2024-08-27,-0.0025860513929633123
2024-08-28,-0.006324642426846777
2024-08-29,0.0002153001113458635
2024-08-30,0.011459185660124611
2024-09-03,-0.015792282549653678
2024-09-04,-0.0005685488536235571
2024-09-05,0.0022922214658926167
2024-09-06,-0.023267103859868486
2024-09-09,0.011495137166985069
2024-09-10,0.004721714179137667
2024-09-11,0.00816704034498668
2024-09-12,0.009409089668693119
2024-09-13,0.004016505288796101
2024-09-16,0.001979159003436777
2024-09-17,0.0009113215031950675
2024-09-18,-0.0026584536142671236
2024-09-19,0.014619035770888964
2024-09-20,-0.0010682477904048564
2024-09-23,0.004810412444840476
2024-09-24,-0.0009650081575125532
2024-09-25,-0.003305842159469552
2024-09-26,-0.0008684352594890176
2024-09-27,0.0033667385061409605
2024-09-30,0.00493674116131515
2024-10-01,-0.004472721616303144
2024-10-02,-0.0017268810722446987
2024-10-03,-0.002240552418153629
2024-10-04,0.009231005870321964
2024-10-07,-0.0106474325617541
2024-10-08,0.007364576564772161
2024-10-09,0.006856723996670212
2024-10-10,0.0006988769538128336
2024-10-11,5.38425243128852e-06
2024-10-14,0.006201288468595417
2024-10-15,-0.010758783624189187
2024-10-16,0.002619331277996714
2024-10-17,0.0017027450922187629
2024-10-18,0.0011975020066677944
2024-10-21,-0.001868060170513016
2024-10-22,0.0026672182582596253
2024-10-23,-0.011374739151873597
2024-10-24,0.011551135681747622
2024-10-25,0.0017846021559488642
2024-10-28,0.0009351980984091035
2024-10-29,0.0006911672604207886
2024-10-30,0.004399608745374773
2024-10-31,-0.017482270246109953
2024-11-01,0.0049065193367521485
2024-11-04,-0.004293803294510086
2024-11-05,0.011036998214554455
2024-11-06,0.028640312908276507
2024-11-07,0.008178918122467774
2024-11-08,0.005712270391557208
2024-11-11,-0.006587414341547101
2024-11-12,-0.005913509321217524
2024-11-13,0.0008660738845504933
2024-11-14,-0.006102814278233954
2024-11-15,-0.012802228250107435
2024-11-18,0.005756379877547463
2024-11-19,0.0025278332451750454
2024-11-20,0.0014516857307298949
2024-11-21,0.0023466639062017882
2024-11-22,0.0029522277732384776
2024-11-25,0.002368415668600397
2024-11-26,0.006089012788789891
2024-11-27,-0.0025908909502114033
2024-11-29,0.005232254397892778
2024-12-02,0.006892152633672394
2024-12-03,0.0001760208127709232
2024-12-04,0.0005511212980662633
2024-12-05,0.0012073643243507813
2024-12-06,0.0026349668720712467
2024-12-09,-0.0005735189839221673
2024-12-10,0.0006772716162555567
2024-12-11,0.007680802176272409
2024-12-12,-0.005159031638149661
2024-12-13,0.01238356679610537
2024-12-16,0.005652832330698878
2024-12-17,-0.0011608635295215068
2024-12-18,-0.02629686103205696
2024-12-19,-0.0026526730948255926
2024-12-20,0.006353089368464513
2024-12-23,0.011047723860619115
2024-12-24,0.012834641814012275
2024-12-26,0.0002551655098573063
2024-12-27,-0.01003327217774781
2024-12-30,-0.011538753871377587
2024-12-31,-0.0028385824521364976
2025-01-02,-0.0028485920706549095
2025-01-03,0.012498850005628935
2025-01-06,0.004448311404253716
2025-01-07,-0.00848828816166265
2025-01-08,-0.001599759078527373
2025-01-10,-0.011171998783124085
2025-01-13,0.006957873469907116
2025-01-14,-0.002376193306599747
2025-01-15,0.01764713156903012
2025-01-16,-0.006371378526361376
2025-01-17,0.009713304029238168
2025-01-21,0.0036409204474137707
2025-01-22,0.0019233923378940449
2025-01-23,0.005644113267420055
2025-01-24,-0.002241164610953595
2025-01-27,-0.007748987203252251
2025-01-28,0.007214783809226121
2025-01-29,-0.00342968995675591
2025-01-30,0.007610947193057068
2025-01-31,-0.0018626881861418007
2025-02-03,-0.003501392162245906
2025-02-04,0.003356720053234945
2025-02-05,-6.379949957902693e-05
2025-02-06,0.00042726387095547955
2025-02-07,-0.010808349486892835
2025-02-10,0.006332669185908023
2025-02-11,0.0011769447111562707
2025-02-12,-0.0039538251153319135
2025-02-13,0.010205378282561814
2025-02-14,-0.004593705428587854
2025-02-18,-0.0015781280684632468
2025-02-19,0.0063905363566837846
2025-02-20,-0.0007989071463687284
2025-02-21,-0.012991975972851627
2025-02-24,-0.006185408835098333
2025-02-25,-0.008758828937245475
2025-02-26,-0.003696077365331489
2025-02-27,-0.011867280147577867
2025-02-28,0.01691806389532413
2025-03-03,-0.01809419878518535
2025-03-04,-0.008910908996086472
2025-03-05,0.0089997135533273
2025-03-06,-0.01350484564333107
2025-03-07,0.009760762304981734
2025-03-10,-0.02554622649695991
2025-03-11,-0.004355600799197711
2025-03-12,0.0048673144343997984
2025-03-13,-0.010876058765753038
2025-03-14,0.018272323354228657
2025-03-17,0.0009384442111801605
2025-03-18,-0.011504250923123571
2025-03-19,0.01143522772868614
2025-03-20,-0.0006965362931059601
2025-03-21,0.004523743392950023
2025-03-24,0.01675389410226101
2025-03-25,-0.0015457875735756777
2025-03-26,-0.009871146881766582
2025-03-27,-0.003114185582891948
2025-03-28,-0.015337678108053926
2025-03-31,0.004638484546419697
2025-04-01,-0.0005069301113649884
2025-04-02,0.004588100591357155
2025-04-03,-0.039110298067718416
2025-04-04,-0.058637945564067255
2025-04-07,-0.0005378972525958552
2025-04-08,-0.0152293067906669
2025-04-09,0.09283369253667968
2025-04-10,-0.03796320713200826
2025-04-11,0.020604372839593425
2025-04-14,0.0012381916828483883
2025-04-15,-0.006160628618238608
2025-04-16,-0.021983472802780298
2025-04-17,-0.008344949687114566
2025-04-21,-0.026036240707932316
2025-04-22,0.023577644237969007
2025-04-23,0.016041665422339844
2025-04-24,0.014128658227743396
2025-04-25,0.015229626067211071
2025-04-28,0.002596574209771934
2025-04-29,0.0029098206362706547
2025-04-30,-0.003129338420273032
2025-05-01,0.006459377284117341
2025-05-02,0.012461690283781085
2025-05-05,-0.009394192856440334
2025-05-06,-0.010715478387170895
2025-05-07,0.0023376829267746264
2025-05-08,0.004674807763568181
2025-05-09,-0.0001502508253074333
2025-05-12,0.03660568478845628
2025-05-13,-0.0036974608611498945
2025-05-14,-0.0011503162658542422
2025-05-15,-0.0022509017182775204
2025-05-16,0.007617758478582931
2025-05-19,0.0038508223160515494
2025-05-20,-0.0015307137374711134
2025-05-21,-0.013785196635288464
2025-05-22,0.0019013945077024608
2025-05-23,-0.006035705726190307
2025-05-27,0.019162867933825087
2025-05-28,-0.004807429256663566
2025-05-29,0.006875110707598651
2025-05-30,-0.0013691957645154218
2025-06-02,0.00438241171173369
2025-06-03,0.003997075175744806
2025-06-04,0.00013127106416272518
2025-06-05,-0.012631145309804859
2025-06-06,0.013062461936707556
2025-06-09,0.0031314008050225117
2025-06-10,0.011660989133560272
2025-06-11,3.964286494624483e-05
2025-06-12,0.005215203062721133
2025-06-13,-0.009018830736977105
2025-06-16,0.007130473268820293
2025-06-17,-0.00875174128287274
2025-06-18,-0.0019611245699576794
2025-06-20,-0.0038802099008960972
2025-06-23,0.007587878480570347
2025-06-24,0.006646390448567753
2025-06-25,-0.00154338468628736
2025-06-26,0.007339154078711441
2025-06-27,0.005440919437368833
2025-06-30,0.002761855960261066
2025-07-01,0.002722623453624037
2025-07-02,0.006479344364461526
2025-07-03,0.005083514677244345
2025-07-07,-0.010440963009702466
2025-07-08,0.0020338214862262783
2025-07-09,0.006519444495184945
2025-07-10,0.006505100491472089
2025-07-11,-0.0009225370859590245
2025-07-14,-0.0023271237366837864
2025-07-15,-0.005886742073722405
2025-07-16,0.007512364056131574
2025-07-17,0.0061648468089371645
2025-07-18,-0.0034458272892819316
2025-07-21,0.0017573888030661645
2025-07-22,0.004196958636280896
2025-07-23,0.010620728582949435
2025-07-24,-0.0019458769549825377
2025-07-25,0.002494412105687947
2025-07-28,0.002124773681761345
2025-07-29,-0.004968001583659065
2025-07-30,-0.002455618060167234
2025-07-31,-0.008199114264191539
2025-08-01,-0.01455410265926946
2025-08-04,0.012557103395722915
2025-08-05,-0.00047853082423362126
2025-08-06,0.00836303745625929
2025-08-07,0.0027851072555140997
2025-08-08,0.011137435827474208
2025-08-11,-0.000530568361044635
2025-08-12,0.010076692541625824
2025-08-13,0.00631940901257043
2025-08-14,0.0028544863457361635
2025-08-15,0.0066358400933807515
2025-08-18,-0.00016033839934124594
2025-08-19,-0.007285654220649733
2025-08-20,-0.003580638092656512
2025-08-21,-0.0006959630700874329
2025-08-22,0.017080750672137178
2025-08-25,-0.002939522614994478
2025-08-26,0.0010374831914287243
2025-08-27,0.0024782509153951577
2025-08-28,0.0018995384876358675
2025-08-29,-0.0018366456222227798
2025-09-02,-0.001627480924565667
2025-09-03,0.0049059900058010895
2025-09-04,0.00754055412947297
2025-09-05,-0.0002840125737103395
2025-09-08,-0.00043078273655664884
2025-09-09,0.009107805146744202
2025-09-10,0.0032007629669429513
2025-09-11,0.010586567641418507
2025-09-12,0.0026630594523956693
2025-09-15,0.004436755911428072
2025-09-16,0.0017328743863484234
2025-09-17,0.00106550002261495
2025-09-18,-0.003852548736362242
2025-09-19,0.005029883780425699
2025-09-22,-0.00042141475444198057
2025-09-23,-0.0039051194767646584
2025-09-24,0.001666834270909862
2025-09-25,-0.006770749901637224
2025-09-26,0.005897008893668946
2025-09-29,-0.00021445083345847724
2025-09-30,0.007190658373386714
2025-10-01,0.010726267715047241
2025-10-02,-0.003924155321374054
2025-10-03,0.00024014727488972114
2025-10-06,0.0020883399631452986
2025-10-07,-0.001343709238728526
2025-10-08,0.002088265063753154
2025-10-09,0.0017951500253794868
2025-10-10,-0.022827889010797058
2025-10-13,0.016845265174867008
2025-10-14,-0.00564144136079611
2025-10-15,0.002150582428198353
2025-10-16,-0.003574617345457147
2025-10-17,0.007546644035331298
2025-10-20,0.011365075610617057
2025-10-21,-0.0024680738540205174
2025-10-22,-0.002456223656039036
2025-10-23,0.0038204060304280413
2025-10-24,0.005257441030294567
2025-10-27,0.012804660334198243
2025-10-28,0.0035605671300936847
2025-10-29,0.0004237143064705902
2025-10-30,-0.012624254556062336
2025-10-31,0.0011460479826667096
2025-11-03,-0.007035947648598878
