Date,ret_optimized
2018-01-03,0.014203529710731324
2018-01-04,0.002585420225155945
2018-01-05,0.004231024495422896
2018-01-08,0.005791314964200583
2018-01-09,-0.0017320361596167616
2018-01-10,0.0010514138752534628
2018-01-11,0.0015803871930455432
2018-01-12,0.0026009440477650623
2018-01-16,-0.00467234520762317
2018-01-17,0.008590692307844072
2018-01-18,-0.0012029110685495578
2018-01-19,0.0031453376680347185
2018-01-22,0.0037337645690055797
2018-01-23,0.006287658919161759
2018-01-24,-0.005658908758703316
2018-01-25,-5.051598923809872e-05
2018-01-26,0.007652597105958255
2018-01-29,-0.001042611206647045
2018-01-30,-0.0067987981572813164
2018-01-31,0.00616153985759969
2018-02-01,-0.006485491633558509
2018-02-02,-0.0170843874651421
2018-02-05,-0.02355043352707561
2018-02-06,0.02034320896156014
2018-02-07,-0.0038668865004180698
2018-02-08,-0.02071725803843207
2018-02-09,0.01856620893180166
2018-02-12,0.0039606166107398295
2018-02-13,0.0069528877366038236
2018-02-14,0.010526134361270482
2018-02-15,0.012281254209885635
2018-02-16,-0.0024096103584375006
2018-02-20,0.0042185163530936605
2018-02-21,-0.010416102917931488
2018-02-22,0.0029116341463198293
2018-02-23,0.010296387890071004
2018-02-26,0.005519200354894662
2018-02-27,-0.003631410858499848
2018-02-28,-0.0034542596855360883
2018-03-01,-0.01098979110587224
2018-03-02,0.004009810926955983
2018-03-05,0.00022235407624781169
2018-03-06,0.005173701487558639
2018-03-07,-0.0009965326420917576
2018-03-08,0.002390637043571427
2018-03-09,0.008140823085650952
2018-03-12,0.005854332870923941
2018-03-13,-0.00596132099564088
2018-03-14,-5.471700480665163e-05
2018-03-15,0.0011475564065079296
2018-03-16,0.0005214491385908414
2018-03-19,-0.012504606867229137
2018-03-20,0.006726356494007509
2018-03-21,-0.005060938985531899
2018-03-22,-0.010224105571817292
2018-03-23,-0.014283123241988098
2018-03-26,0.0260406830654987
2018-03-27,-0.023313164881554976
2018-03-28,-0.005499834240314318
2018-03-29,0.01438584085847582
2018-04-02,-0.013941621461615865
2018-04-03,0.006497348856840386
2018-04-04,0.007274535189592295
2018-04-05,-0.003938648253181709
2018-04-06,-0.011813204179436113
2018-04-09,0.0038155928918695045
2018-04-10,0.016421590396888525
2018-04-11,-0.0031567449034806236
2018-04-12,0.010199539124915181
2018-04-13,-0.002393824785932543
2018-04-16,0.002436819748786805
2018-04-17,0.010019700800643997
2018-04-18,-0.0025858078721276616
2018-04-19,-0.012107167091101056
2018-04-20,-0.009112652329849239
2018-04-23,-0.0044451721912859895
2018-04-24,-0.008349633467224367
2018-04-25,-0.005265209479152379
2018-04-26,0.012117368667386507
2018-04-27,0.002165424388333591
2018-04-30,-0.0013095025155269644
2018-05-01,0.006596715723996701
2018-05-02,0.003877650583178335
2018-05-03,0.007418753278608198
2018-05-04,0.012818219897351033
2018-05-07,0.01025756712838104
2018-05-08,0.0011709822597830962
2018-05-09,0.00619600105212915
2018-05-10,0.007839338083845526
2018-05-11,-0.004593875031013229
2018-05-14,6.012894127305354e-05
2018-05-15,-0.012401306775780257
2018-05-16,0.0016718845714035636
2018-05-17,-0.001269112022014711
2018-05-18,-0.0003210357604054787
2018-05-21,0.0012671625093401912
2018-05-22,-0.0016194196700318917
2018-05-23,0.008170928476547134
2018-05-24,0.0005683310619244376
2018-05-25,0.0028219240212654234
2018-05-29,0.0021007998773510794
2018-05-30,0.0028679412670066856
2018-05-31,-0.001492269109137878
2018-06-01,0.008526448307535302
2018-06-04,0.006854823826110802
2018-06-05,0.0024058420706903555
2018-06-06,-0.0005089677912583425
2018-06-07,-0.0027588119793514
2018-06-08,-0.0015467803810998116
2018-06-11,-0.002845551336129601
2018-06-12,0.0025759155551355467
2018-06-13,-0.00222403862441681
2018-06-14,0.005376745498013555
2018-06-15,-0.004273645298936509
2018-06-18,0.0007059542087413973
2018-06-19,-0.005288207878879362
2018-06-20,0.002364026769057189
2018-06-21,-0.005414052982237636
2018-06-22,-0.005796589795127682
2018-06-25,-0.014240632553976007
2018-06-26,0.005980352058994513
2018-06-27,-0.006091604143374101
2018-06-28,0.006450048587774624
2018-06-29,-0.003743948738283756
2018-07-02,0.007611272285102737
2018-07-03,-0.007181883886015313
2018-07-05,0.007817543564784249
2018-07-06,0.008172494089007078
2018-07-09,0.003987770853968073
2018-07-10,0.0030592389486918895
2018-07-11,-0.006360834294212133
2018-07-12,0.008594782327820719
2018-07-13,0.0006751349416026112
2018-07-16,-0.0025723084377918216
2018-07-17,0.005845382739875363
2018-07-18,-0.0035782015676014195
2018-07-19,0.0015514814416824688
2018-07-20,-0.0002595471877645469
2018-07-23,-0.0006631007395108018
2018-07-24,0.000913311129377036
2018-07-25,0.007623935155065781
2018-07-26,0.0005438633026029708
2018-07-27,-0.006980771646452088
2018-07-30,-0.010388330856750106
2018-07-31,0.0020820957333867007
2018-08-01,0.010023232003695079
2018-08-02,0.009493768119280871
2018-08-03,0.0033069884607622897
2018-08-06,0.0028803161775088166
2018-08-07,0.0007844357117104039
2018-08-08,0.0018260377406624844
2018-08-09,0.0008773224280217182
2018-08-10,-0.0014637303710254975
2018-08-13,0.0011852129173050587
2018-08-14,0.005993652942781209
2018-08-15,-0.002530623633368518
2018-08-16,0.0011339727827354808
2018-08-17,-0.006337046578193428
2018-08-20,0.0008539440174603519
2018-08-21,0.002788498599123445
2018-08-22,0.009178354416657111
2018-08-23,0.003957577864480312
2018-08-24,0.005717389757088998
2018-08-27,0.004670350786105167
2018-08-28,6.425820492540432e-05
2018-08-29,0.006963854188261264
2018-08-30,0.0011822596542793084
2018-08-31,0.0043032198279274415
2018-09-04,0.0012147224794152411
2018-09-05,-0.008213850673609437
2018-09-06,-0.005480328511181227
2018-09-07,-0.0040654112864368765
2018-09-10,0.0018297753786052785
2018-09-11,0.0033053869303455554
2018-09-12,-0.004281340688098171
2018-09-13,0.0075577777477354585
2018-09-14,0.001767705739702554
2018-09-17,-0.007176630482882792
2018-09-18,-0.0019021427535422708
2018-09-19,-0.0016702764721151701
2018-09-20,-0.0003415295463073914
2018-09-21,-0.0026192403224498386
2018-09-24,0.003602259829155058
2018-09-25,0.0023384915070746182
2018-09-26,-0.0014326716864759789
2018-09-27,0.0042471487055884645
2018-09-28,0.01069023654142298
2018-10-01,0.007303819960743808
2018-10-02,-0.00025104144080051894
2018-10-03,-0.0006794121926994135
2018-10-04,-0.011746145374189824
2018-10-05,-0.010807944926238542
2018-10-08,-0.005037483741953276
2018-10-09,0.004495348551305532
2018-10-10,-0.0290534545956608
2018-10-11,-0.008748665172703365
2018-10-12,0.019260009327080743
2018-10-15,-0.014619098966210812
2018-10-16,0.016474720104164925
2018-10-17,-0.004134153585760729
2018-10-18,-0.009225884807373184
2018-10-19,-0.006530572120671395
2018-10-22,0.0036393562623883557
2018-10-23,-0.00838011327452709
2018-10-24,-0.02999410337149109
2018-10-25,0.018424905755430827
2018-10-26,-0.012183766026955502
2018-10-29,-0.019658779326476365
2018-10-30,0.018606281711269077
2018-10-31,0.014197831272936275
2018-11-01,0.00908684771743932
2018-11-02,-0.014382065226983784
2018-11-05,-0.005128588792590412
2018-11-06,0.0010904934282720841
2018-11-07,0.012462224575739747
2018-11-08,-0.008925388156911213
2018-11-09,-0.004298317248442877
2018-11-12,-0.02547229427599052
2018-11-13,0.008662968934352148
2018-11-14,-0.007694889466978696
2018-11-15,0.011786696542721705
2018-11-16,-0.0336428115776997
2018-11-19,-0.03409913007207613
2018-11-20,-0.004815482657201749
2018-11-21,-0.0037920048054926377
2018-11-23,-0.0034830495867947445
2018-11-26,0.016828672015883804
2018-11-27,0.001723421350347918
2018-11-28,0.018827088113278136
2018-11-29,-0.0049751933359970454
2018-11-30,0.007926565272477993
2018-12-03,0.015445635335285035
2018-12-04,-0.02442350507493967
2018-12-06,0.0015668478082937363
2018-12-07,-0.02273184692688581
2018-12-10,0.010598635907889958
2018-12-11,-0.004462396505233561
2018-12-12,0.0014077195393070794
2018-12-13,0.002407011816144803
2018-12-14,-0.011445723619299644
2018-12-17,-0.008003237343549482
2018-12-18,0.008761906691911014
2018-12-19,-0.015524592351137179
2018-12-20,-0.012044966587674504
2018-12-21,-0.018017346125166752
2018-12-24,-0.012738843166175016
2018-12-26,0.027291849786087796
2018-12-27,-0.001972303923831599
2018-12-28,0.004156388974625986
2018-12-31,0.004052762183063445
2019-01-02,0.004742953367890002
2019-01-03,-0.02938019785029957
2019-01-04,0.023405467567819416
2019-01-07,0.009645887654745621
2019-01-08,-0.0019400370996873698
2019-01-09,0.00902230025440038
2019-01-10,0.0022874711039300574
2019-01-11,0.003627345743222133
2019-01-14,-0.0014086756599608454
2019-01-15,0.005917361690528399
2019-01-16,0.0010759462276969697
2019-01-17,0.005019876835177675
2019-01-18,0.009278468452574292
2019-01-22,-0.01516427740600404
2019-01-23,0.0030224844218395774
2019-01-24,0.010828450915028234
2019-01-25,0.008426994857901732
2019-01-28,-0.031367291799535756
2019-01-29,-0.012325022409728372
2019-01-30,0.023640918619824897
2019-01-31,0.01053454028217248
2019-02-01,-0.002007971357871274
2019-02-04,0.013500742671040154
2019-02-05,0.006469123205252381
2019-02-06,0.002521236791864156
2019-02-07,-0.010637865779508482
2019-02-08,0.002485368888795742
2019-02-11,-0.0039055422174614014
2019-02-12,0.00964885831973743
2019-02-13,0.0007613210010121534
2019-02-14,0.0037374137108817634
2019-02-15,0.005040302815337663
2019-02-19,-5.8176177599238653e-05
2019-02-20,0.002598809965132398
2019-02-21,-0.002793147754887742
2019-02-22,0.009037572474611184
2019-02-25,0.0009154766813876903
2019-02-26,-0.00033678231010632765
2019-02-27,-0.0029420002862280796
2019-02-28,-0.0035021015633412873
2019-03-01,0.003310098105267068
2019-03-04,0.0018253608660620604
2019-03-05,-0.0008432892731875984
2019-03-06,-0.005886183483441548
2019-03-07,-0.005368011194606686
2019-03-08,0.003001035877485162
2019-03-11,0.021448916676942445
2019-03-12,0.005480069186163901
2019-03-13,0.008924316526508245
2019-03-14,-0.0023642667632537027
2019-03-15,0.009490518059318023
2019-03-18,0.0019466261437874363
2019-03-19,0.006705172366100641
2019-03-20,0.0019460605530628196
2019-03-21,0.01941639838421101
2019-03-22,-0.010508789788754292
2019-03-25,-0.00466916456952229
2019-03-26,0.0024214518338126242
2019-03-27,0.0006898401850466871
2019-03-28,0.0014760621431811006
2019-03-29,0.0042333660052856084
2019-04-01,0.0031276606381190793
2019-04-02,0.003401155687531995
2019-04-03,0.007248642827340494
2019-04-04,-0.0002562927816766837
2019-04-05,0.004804085368886827
2019-04-08,0.0027447478984422373
2019-04-09,-0.0030177439792273544
2019-04-10,0.005541521062539237
2019-04-11,-0.0025934390452032473
2019-04-12,-0.0020001279483231175
2019-04-15,-0.005094926369599329
2019-04-16,0.0026072154373194276
2019-04-17,0.002947510896565402
2019-04-18,0.0018443531880538776
2019-04-22,0.002654903222653772
2019-04-23,0.007122893863179107
2019-04-24,0.001229347482136458
2019-04-25,-0.001781614622706755
2019-04-26,-0.008282178132402862
2019-04-29,0.00040318523719695405
2019-04-30,0.0006083154734776101
2019-05-01,0.0040566569498787005
2019-05-02,-0.0007323652368545976
2019-05-03,0.005263935076370928
2019-05-06,-0.005823138376942698
2019-05-07,-0.013265680722050619
2019-05-08,0.0005611906521283635
2019-05-09,-0.005369631189213867
2019-05-10,-0.0021443591988342123
2019-05-13,-0.02347978930986207
2019-05-14,0.008614101143408999
2019-05-15,0.001233218690582533
2019-05-16,0.0022219851161378087
2019-05-17,-0.006120636637680658
2019-05-20,-0.01316737685867923
2019-05-21,0.0075926389167410915
2019-05-22,-0.004977045935677935
2019-05-23,-0.008531778666188686
2019-05-24,-0.003479292910788471
2019-05-28,-0.0020619021141496255
2019-05-29,-0.006198711540985419
2019-05-30,0.0014027313445645158
2019-05-31,-0.007636321114712798
2019-06-03,-0.00642305870175381
2019-06-04,0.02178690008748508
2019-06-05,0.002737311433819713
2019-06-06,0.007512993367847921
2019-06-07,0.011263602388891332
2019-06-10,0.005960400879279422
2019-06-11,0.0039917975595484805
2019-06-12,-0.0061877905762313355
2019-06-13,0.004461511501640809
2019-06-14,-0.0057792023931368735
2019-06-17,0.0018003056841803282
2019-06-18,0.0177221234915175
2019-06-19,0.002150870133444783
2019-06-20,0.004477094124801866
2019-06-21,-0.004976853678680901
2019-06-24,0.002717492780502496
2019-06-25,-0.007538622644333656
2019-06-26,0.012752945630862973
2019-06-27,0.006671189584915475
2019-06-28,0.00016479672435799984
2019-07-01,0.0066118325853270574
2019-07-02,-0.0020502695301287933
2019-07-03,0.0036169821188662492
2019-07-05,-0.006072686761258652
2019-07-08,-0.0069730179088307665
2019-07-09,-0.00012815000194585285
2019-07-10,0.006666996378462125
2019-07-11,0.005521369358861315
2019-07-12,0.003633850478396516
2019-07-15,0.0017494612749616538
2019-07-16,-0.0030733915263328583
2019-07-17,0.003191385689259775
2019-07-18,0.003324155123225896
2019-07-19,-0.004667468822604353
2019-07-22,0.009053134524967093
2019-07-23,0.006583031906042857
2019-07-24,0.005068321332862009
2019-07-25,-0.008136561674902164
2019-07-26,0.0035105491080911636
2019-07-29,0.0011464523489280649
2019-07-30,-0.0006454590723031859
2019-07-31,-0.007667634680604208
2019-08-01,-0.002351376359622983
2019-08-02,-0.008209571721899143
2019-08-05,-0.0226466980803679
2019-08-06,0.008522950752839395
2019-08-07,0.004092603471903608
2019-08-08,0.012731986784694872
2019-08-09,-0.00839826371545856
2019-08-12,-0.00330966499949253
2019-08-13,0.014113913613178358
2019-08-14,-0.01396244981208964
2019-08-15,-0.00022019413034693697
2019-08-16,0.01976051456475258
2019-08-19,0.0172630188972704
2019-08-20,-0.0030806050672397413
2019-08-21,0.0067772725020970905
2019-08-22,-0.0017504561763574983
2019-08-23,-0.019461479676647103
2019-08-26,0.00818207946793675
2019-08-27,-0.004030317081019634
2019-08-28,0.0004666569368685291
2019-08-29,0.011749961119024169
2019-08-30,0.00012373425425873225
2019-09-03,-0.007308391132366565
2019-09-04,0.010559019314524812
2019-09-05,0.015431469238177037
2019-09-06,-0.0014712084478413542
2019-09-09,-0.001132295494386047
2019-09-10,0.0007274912258336641
2019-09-11,0.00568539570577033
2019-09-12,-0.00014064605538414407
2019-09-13,-0.00857487903028334
2019-09-16,-0.0006415463798610662
2019-09-17,0.003685097121454659
2019-09-18,0.001563563420436048
2019-09-19,-0.0015158265710495996
2019-09-20,-0.0065293172742624675
2019-09-23,0.0032386747207954923
2019-09-24,-0.0031077419444292555
2019-09-25,0.008237895865672569
2019-09-26,-0.0007632318609061621
2019-09-27,-0.008082564685283853
2019-09-30,0.007726816532625602
2019-10-01,-0.0009339888808788066
2019-10-02,-0.005851170282565717
2019-10-03,0.01415141220707623
2019-10-04,0.007413223446720888
2019-10-07,0.00033837217356567223
2019-10-08,-0.010492684782220837
2019-10-09,0.007397672311810078
2019-10-10,0.003748465015008795
2019-10-11,0.005727423008096743
2019-10-14,0.001141570452638725
2019-10-15,0.010655333628372912
2019-10-16,-0.00327051421738738
2019-10-17,1.1665854809783319e-05
2019-10-18,-0.00500275379836204
2019-10-21,0.008057780971602101
2019-10-22,-0.0016743649961670124
2019-10-23,0.0025004020936851288
2019-10-24,0.004598672935122232
2019-10-25,0.009489090174426007
2019-10-28,0.0056177673084184
2019-10-29,-0.008220263875368056
2019-10-30,0.0033003745647039767
2019-10-31,0.002807821712432135
2019-11-01,0.005639045359252849
2019-11-04,0.008019319237517475
2019-11-05,-0.0029617418652123726
2019-11-06,-0.0010309226107771802
2019-11-07,-0.0001199660830716225
2019-11-08,0.0008421844280216564
2019-11-11,0.001990206493156462
2019-11-12,0.0023498346852778213
2019-11-13,0.001597117847530415
2019-11-14,0.0022821032908009195
2019-11-15,-0.0021752383298695864
2019-11-18,0.00976897610271281
2019-11-19,-0.0038999082543113763
2019-11-20,0.002589122973054228
2019-11-21,-0.0026311062224215294
2019-11-22,0.0009647715250171196
2019-11-25,0.014278368338701499
2019-11-26,-0.0034389407107075515
2019-11-27,0.002766857988728398
2019-11-29,-0.0025021599298588808
2019-12-02,-0.011562956668748991
2019-12-03,-0.001524515566471778
2019-12-04,0.002370314287153088
2019-12-05,0.0010494457001192121
2019-12-06,0.0069651413141182525
2019-12-09,-0.0022451791300405477
2019-12-10,0.0020017216859997146
2019-12-11,0.006627252856582339
2019-12-12,0.005325939808425287
2019-12-13,0.005378567238823636
2019-12-16,0.0029695195866369537
2019-12-17,0.002454088581390854
2019-12-18,-0.0002270850726832877
2019-12-19,0.006830988214560144
2019-12-20,0.00447158445990836
2019-12-23,0.0004465019086099058
2019-12-24,0.0004602988686910708
2019-12-26,0.004957016816307922
2019-12-27,-0.0010278808457822909
2019-12-30,-0.004261885334358879
2019-12-31,0.0031888380646894515
2020-01-02,0.010302653545670507
2020-01-03,-0.004295035629778594
2020-01-06,0.0016994663381602669
2020-01-07,0.00016703286156102533
2020-01-08,0.00394340581397133
2020-01-09,0.007523993297915508
2020-01-10,0.001671119258932746
2020-01-13,0.010658991537467667
2020-01-14,-0.00587805054988318
2020-01-15,-0.0003681946053144267
2020-01-16,0.006548487554609151
2020-01-17,0.0025656882647058215
2020-01-21,-0.0012132208901052132
2020-01-22,0.0020461421658788895
2020-01-23,0.004670422678130644
2020-01-24,-0.0027564552736966
2020-01-27,-0.012926412135195697
2020-01-28,0.012184863149548275
2020-01-29,0.00456263463804642
2020-01-30,0.003661752054850688
2020-01-31,-0.01468514434225839
2020-02-03,0.0054715971441824975
2020-02-04,0.013058699107797278
2020-02-05,0.0031253256012922608
2020-02-06,0.007582672333865281
2020-02-07,-0.0022941515085787216
2020-02-10,0.013827986763943957
2020-02-11,-0.0007990108516940731
2020-02-12,0.006533417930111774
2020-02-13,-0.002526803883629191
2020-02-14,0.015775014204992364
2020-02-18,0.004037964538292711
2020-02-19,0.014721156919629838
2020-02-20,-0.005935307307796012
2020-02-21,-0.015523381465867327
2020-02-24,-0.024898319819727552
2020-02-25,-0.014902393751025289
2020-02-26,0.007888665695178015
2020-02-27,-0.029009107984268406
2020-02-28,0.020285580906923905
2020-03-02,0.026420623321380766
2020-03-03,-0.015177194816560477
2020-03-04,0.025376365887403884
2020-03-05,-0.013818527185596894
2020-03-06,-0.007199799967536542
2020-03-09,-0.036804881897247274
2020-03-10,0.024848998177117904
2020-03-11,-0.03197367736461178
2020-03-12,-0.07963206754132064
2020-03-13,0.08046687431993715
2020-03-16,-0.06889951270393693
2020-03-17,0.02722256575568046
2020-03-18,-0.03495289064337076
2020-03-19,0.010622652337421675
2020-03-20,-0.011930629693340751
2020-03-23,0.014027519100879262
2020-03-24,0.06113552315016111
2020-03-25,0.0022200312301892933
2020-03-26,0.0274498859402076
2020-03-27,-0.011918974155525673
2020-03-30,0.023737162157834644
2020-03-31,-0.00863528184609643
2020-04-01,-0.025104389523258976
2020-04-02,0.017739723650542737
2020-04-03,-0.012581926188090078
2020-04-06,0.04394681141573249
2020-04-07,-0.009544901076657935
2020-04-08,0.01248217586774865
2020-04-09,0.0038587441850899983
2020-04-13,0.006772036641006779
2020-04-14,0.024129899892104054
2020-04-15,-0.002256366873257749
2020-04-16,0.015123147372270126
2020-04-17,-0.0032654457282329363
2020-04-20,-0.010010489853572972
2020-04-21,-0.021298962514101537
2020-04-22,0.02043376763654693
2020-04-23,-0.002717506708468897
2020-04-24,0.010304386230420452
2020-04-27,0.0030603093601618094
2020-04-28,-0.007742406607955914
2020-04-29,0.015729970607820918
2020-04-30,-0.0002191554305020372
2020-05-01,-0.01337635986757732
2020-05-04,0.011704526101350385
2020-05-05,0.004779614750711628
2020-05-06,0.0031518094835188536
2020-05-07,0.008724035925307079
2020-05-08,0.00777415663289745
2020-05-11,0.00855602530085781
2020-05-12,-0.009348470917250981
2020-05-13,-0.003634689177397893
2020-05-14,0.009332399641236527
2020-05-15,0.012741931084449508
2020-05-18,0.009852647959293335
2020-05-19,0.0001938951421143005
2020-05-20,0.009746594253659167
2020-05-21,-0.006403959719115868
2020-05-22,0.006924902358341828
2020-05-26,-0.009482158968064047
2020-05-27,-0.0033754819326620405
2020-05-28,-0.00091927675235756
2020-05-29,0.011777150075000398
2020-06-01,-0.0004682815796397395
2020-06-02,0.0029736495345919914
2020-06-03,-0.0013250914776283724
2020-06-04,-0.004191167127617486
2020-06-05,0.010584343953819679
2020-06-08,-0.00036930378668798437
2020-06-09,0.0114718111436075
2020-06-10,0.017775938639886732
2020-06-11,-0.02700667007831333
2020-06-12,0.005921267120468417
2020-06-15,0.009126470000823518
2020-06-16,0.0040300748627401595
2020-06-17,0.00404250783451944
2020-06-18,0.001608064214867037
2020-06-19,-0.00048756339528515627
2020-06-22,0.012927518616207424
2020-06-23,0.002133642683711175
2020-06-24,-0.009622679348128632
2020-06-25,0.009593991013410325
2020-06-26,-0.013139383124689485
2020-06-29,0.006075219192143506
2020-06-30,0.011445951235237076
2020-07-01,0.0003169855530736307
2020-07-02,0.0035091706948023873
2020-07-06,0.011183907871644567
2020-07-07,-0.00040329581111148496
2020-07-08,0.012878221900667154
2020-07-09,0.008577147346803357
2020-07-10,-0.0011551192516975667
2020-07-13,-0.012459182195753732
2020-07-14,0.01034953818865798
2020-07-15,-0.002005716722846539
2020-07-16,-0.005765680866525744
2020-07-17,0.0009293654742675156
2020-07-20,0.015090393502875839
2020-07-21,-0.006909243856593369
2020-07-22,0.0050780292225370265
2020-07-23,-0.017637927911471767
2020-07-24,4.486291204782952e-05
2020-07-27,0.00918161617177024
2020-07-28,-0.007259901036024048
2020-07-29,0.009810757887006603
2020-07-30,0.0048274152210169355
2020-07-31,0.016893823255879535
2020-08-03,0.01801508213124582
2020-08-04,0.004212766398684141
2020-08-05,0.0006619552737407015
2020-08-06,0.008869191637139864
2020-08-07,-0.008610496633996025
2020-08-10,-0.0015154110460450783
2020-08-11,-0.014789574324204382
2020-08-12,0.017996783280170365
2020-08-13,0.0006378852340477776
2020-08-14,0.001512099671666922
2020-08-17,0.014475946075697804
2020-08-18,0.0014506732510754863
2020-08-19,-0.003469804484694144
2020-08-20,0.007146988762096366
2020-08-21,0.016766121146500182
2020-08-24,0.0021470313055932683
2020-08-25,-0.00013773929022743557
2020-08-26,0.004796102797240563
2020-08-27,-0.002896738913315428
2020-08-28,0.009733478065268992
2020-08-31,0.008174417629759885
2020-09-01,0.014159944216987814
2020-09-02,0.008062001675507894
2020-09-03,-0.03809903388183636
2020-09-04,-0.010808367162284652
2020-09-08,-0.02714285891351196
2020-09-09,0.024329507814712586
2020-09-10,-0.01457650772139773
2020-09-11,-0.00460945241311075
2020-09-14,0.016928644131065596
2020-09-15,0.004402004937075284
2020-09-16,-0.014051502867954637
2020-09-17,-0.004463802325834934
2020-09-18,-0.01123030358007488
2020-09-21,0.011491183174050509
2020-09-22,0.007449442111842606
2020-09-23,-0.019675313471660513
2020-09-24,0.006880333901485859
2020-09-25,0.016908831269604907
2020-09-28,0.00747577579726493
2020-09-29,0.0008674989011459014
2020-09-30,0.007868832012781808
2020-10-01,0.003422592872465858
2020-10-02,-0.016940241763559773
2020-10-05,0.014009426410848196
2020-10-06,-0.004774262943530814
2020-10-07,0.007456918550160756
2020-10-08,-0.0005882011077306187
2020-10-09,0.004717159186063387
2020-10-12,0.020112767552356376
2020-10-13,-0.0023590164517478447
2020-10-14,-0.0028647078007595465
2020-10-15,-0.003330670571257838
2020-10-16,-0.004746336183982182
2020-10-19,-0.011931180422533508
2020-10-20,0.0035044156174385338
2020-10-21,-0.0030764821085982504
2020-10-22,-0.004728045115727696
2020-10-23,0.004004966623777271
2020-10-26,-0.00941088336613711
2020-10-27,0.009055994846207508
2020-10-28,-0.025284218631416305
2020-10-29,0.011914820841225842
2020-10-30,-0.018114173921919417
2020-11-02,0.001284679138450605
2020-11-03,0.011679889837303739
2020-11-04,0.027572258968918455
2020-11-05,0.015110511263345176
2020-11-06,0.004562399154738042
2020-11-09,-0.021209652515781927
2020-11-10,-0.018346505530581876
2020-11-11,0.018307522705180483
2020-11-12,0.0013548362703738608
2020-11-13,-0.0015394479761140542
2020-11-16,0.005306618165672608
2020-11-17,-0.003190666595689882
2020-11-18,-0.0026554889441189958
2020-11-19,0.0028199879441910248
2020-11-20,-0.007601063920768427
2020-11-23,-0.004176354385015751
2020-11-24,0.0006213892655866616
2020-11-25,0.005148861492931888
2020-11-27,0.003067353154650569
2020-11-30,0.00528007294522239
2020-12-01,0.00318731477838692
2020-12-02,0.0013630389346897896
2020-12-03,-0.0019437227823023851
2020-12-04,0.0003081130652207516
2020-12-07,0.0031934504937689906
2020-12-08,-0.001854897998938027
2020-12-09,-0.012714183812765747
2020-12-10,0.002751488000902068
2020-12-11,0.002092910667350295
2020-12-14,0.004156701357290606
2020-12-15,0.008379717353312253
2020-12-16,0.0006138523167869741
2020-12-17,0.0027392838617692383
2020-12-18,-0.004028980016823945
2020-12-21,0.0050760938014906285
2020-12-22,0.004997363240745544
2020-12-23,-0.009057252546900587
2020-12-24,0.002775433270927755
2020-12-28,0.004917070378172024
2020-12-29,-0.0015933243111939032
2020-12-30,0.0008748624331594039
2020-12-31,-0.0013865442427491357
2021-01-04,-0.006126112793950792
2021-01-05,0.005485590316642563
2021-01-06,-0.022349977403437197
2021-01-07,0.019088799591082534
2021-01-08,0.0005655159030430099
2021-01-11,1.7782178610151016e-05
2021-01-12,-0.0038104677030672877
2021-01-13,0.005274733821490738
2021-01-14,-0.009706404874508953
2021-01-15,-0.007021866272342319
2021-01-19,0.006348414935520203
2021-01-20,0.01459295801213151
2021-01-21,0.012608231927662614
2021-01-22,0.0008938130637033003
2021-01-25,0.006437627192028636
2021-01-26,-0.0014910559670262462
2021-01-27,-0.00857117917606096
2021-01-28,-0.0002708084184644883
2021-01-29,-0.010559067993151336
2021-02-01,0.009736436272132143
2021-02-02,0.005056541576962542
2021-02-03,-0.0006370094254275196
2021-02-04,0.005416293564208325
2021-02-05,-0.0021702280058134423
2021-02-08,0.013411514598141966
2021-02-09,-0.0029963176971543343
2021-02-10,0.006729918120231956
2021-02-11,0.006641137131200244
2021-02-12,-0.004676673750709624
2021-02-16,-0.0005956448429353901
2021-02-17,-0.006499629299087049
2021-02-18,-0.0028216016261910716
2021-02-19,-0.0017736699918741215
2021-02-22,-0.016876222015853877
2021-02-23,-0.003914305961974707
2021-02-24,0.0048191788792221815
2021-02-25,-0.029188566580299134
2021-02-26,0.012904893625654747
2021-03-01,0.011579835344054672
2021-03-02,-0.011080756389798323
2021-03-03,-0.01763216784686425
2021-03-04,-0.011261307424708898
2021-03-05,0.005426615232697334
2021-03-08,-0.024808672534459904
2021-03-09,0.027350699066380303
2021-03-10,-0.0018932472718727806
2021-03-11,0.013481693057260834
2021-03-12,-0.007142572899378425
2021-03-15,0.008951663327246345
2021-03-16,0.00490343584805105
2021-03-17,-0.0007531580629665585
2021-03-18,-0.019817949231680836
2021-03-19,0.0015429285451632607
2021-03-22,0.01404907813674388
2021-03-23,-0.0007494814626968329
2021-03-24,-0.009822499482073834
2021-03-25,-0.003125567498947297
2021-03-26,0.006902222566520571
2021-03-29,0.0005916431233034993
2021-03-30,-0.004215137941483919
2021-03-31,0.012032920771443183
2021-04-01,0.011990965038197632
2021-04-05,0.008716332874142554
2021-04-06,-0.0001784879109987818
2021-04-07,0.006447043228687714
2021-04-08,0.00814519176788474
2021-04-09,0.0047570849475626524
2021-04-12,0.00920386144720331
2021-04-13,0.01238341069146922
2021-04-14,-0.009534174810546438
2021-04-15,0.01818760919373917
2021-04-16,-0.0039866391539866135
2021-04-19,-0.007488289429854607
2021-04-20,-0.0037028173047302416
2021-04-21,0.004598143175188372
2021-04-22,-0.009763791052901684
2021-04-23,0.010256711933353962
2021-04-26,0.00303786374685258
2021-04-27,-0.002759291322172173
2021-04-28,-0.005534724749545987
2021-04-29,-0.0009196972334422654
2021-04-30,-0.005769791259871272
2021-05-03,-0.0011169880276167476
2021-05-04,-0.013149590459260684
2021-05-05,0.0014317388531042128
2021-05-06,0.004715698191303926
2021-05-07,0.00618787920212234
2021-05-10,-0.015046433628548492
2021-05-11,-0.0020649515676183588
2021-05-12,-0.016886441913264737
2021-05-13,0.004460312125379264
2021-05-14,0.015272263078687814
2021-05-17,-0.00441858909399666
2021-05-18,-0.005419673874919253
2021-05-19,0.00027663453026270483
2021-05-20,0.014331718468550036
2021-05-21,0.0024934797953953154
2021-05-24,0.013716450121246178
2021-05-25,0.00206942344972635
2021-05-26,0.0003044225147282244
2021-05-27,-0.006364587455746734
2021-05-28,0.009114338314483281
2021-06-01,-0.001328121289834614
2021-06-02,0.007766539021383887
2021-06-03,-0.0013022293383531214
2021-06-04,0.014684087208330043
2021-06-07,0.00162537342162824
2021-06-08,-0.00048345261884071987
2021-06-09,0.0009218383722721462
2021-06-10,0.002495631808142802
2021-06-11,0.006233293908996665
2021-06-14,0.005441688508519219
2021-06-15,-0.00424114476129678
2021-06-16,-0.0011532816849495814
2021-06-17,0.014905748788969872
2021-06-18,-0.0007273773686608301
2021-06-21,-0.00048442522753281347
2021-06-22,0.008985112199824423
2021-06-23,0.001015253271213851
2021-06-24,0.002167991703039919
2021-06-25,-0.003918804609999735
2021-06-28,0.015046257955609418
2021-06-29,0.003619827331528569
2021-06-30,0.0005712092309663216
2021-07-01,0.001890373753572748
2021-07-02,0.009331860481984512
2021-07-06,0.006132410433016151
2021-07-07,0.0016413024046448882
2021-07-08,-0.006619764810807743
2021-07-09,0.002015376713460286
2021-07-12,0.00351289882043448
2021-07-13,-0.0013732492519948703
2021-07-14,0.001984930512873573
2021-07-15,-0.00888948355902508
2021-07-16,-0.011199260197650085
2021-07-19,0.004185264492392111
2021-07-20,0.0025399659445668656
2021-07-21,0.007069459891684221
2021-07-22,0.006577195322311954
2021-07-23,0.002336493000266475
2021-07-26,-0.0028525428472983973
2021-07-27,-0.002833395776697719
2021-07-28,0.0016335143070995077
2021-07-29,0.0015062169275330032
2021-07-30,-0.0013350281976410544
2021-08-02,0.0034442397328079575
2021-08-03,0.003653268697278567
2021-08-04,0.003961694187808362
2021-08-05,0.0037856040808738447
2021-08-06,-0.00584249717251796
2021-08-09,-0.0022098113815275104
2021-08-10,-0.005650210736460985
2021-08-11,-0.0015252698086934454
2021-08-12,0.006450344002238949
2021-08-13,0.00645548749603233
2021-08-16,0.0008753660064488148
2021-08-17,-0.007029763432183557
2021-08-18,-0.008968842079975996
2021-08-19,0.012083076340008256
2021-08-20,0.01483439897730753
2021-08-23,0.012768267490222968
2021-08-24,-0.003456283490469261
2021-08-25,0.0015132983505139691
2021-08-26,-0.003280137735261763
2021-08-27,0.008011651519551181
2021-08-30,0.007204944138419514
2021-08-31,-0.005268589182162442
2021-09-01,0.0012629998870580957
2021-09-02,0.001159691940586861
2021-09-03,0.003512645337442441
2021-09-07,-0.001219058496510786
2021-09-08,-0.003484230668013139
2021-09-09,-0.0017730358244447205
2021-09-10,-0.0041032113598965265
2021-09-13,-0.0010017228649669807
2021-09-14,0.0018477063082415093
2021-09-15,0.0034220357755773353
2021-09-16,-0.0019463612401851359
2021-09-17,-0.00863893288970999
2021-09-20,-0.011220611322645731
2021-09-21,0.0018653950423173603
2021-09-22,0.011204054086670134
2021-09-23,0.0035484609810593334
2021-09-24,-0.004677146142103274
2021-09-27,-0.008157364870937232
2021-09-28,-0.019221112391009633
2021-09-29,-0.0005155109131282094
2021-09-30,-0.00048066274330167864
2021-10-01,0.005624115330328188
2021-10-04,-0.016328683023616432
2021-10-05,0.010575973489961418
2021-10-06,0.005485991226214113
2021-10-07,0.0042401663766581475
2021-10-08,-0.0040114216389542405
2021-10-11,-0.0024784943601130127
2021-10-12,-0.00023712033097595642
2021-10-13,0.00486881777615456
2021-10-14,0.014364528737722357
2021-10-15,0.0014916165921368644
2021-10-18,0.00600719489224767
2021-10-19,0.001737242145423916
2021-10-20,-0.0021372157895142617
2021-10-21,0.006169096188010886
2021-10-22,1.7553495801237318e-06
2021-10-25,0.0036625081043866786
2021-10-26,0.01594502093963992
2021-10-27,0.004555440930061936
2021-10-28,0.007510362181525496
2021-10-29,0.005254735248047983
2021-11-01,-4.2006610796676506e-05
2021-11-02,0.00792141016740315
2021-11-03,0.002354524694023654
2021-11-04,0.026930486945897805
2021-11-05,0.0016652165962901923
2021-11-08,0.005436668824156767
2021-11-09,0.0005068587029017203
2021-11-10,-0.016148299125994907
2021-11-11,0.00603570545965266
2021-11-12,0.00380570481342869
2021-11-15,-0.004801903844558555
2021-11-16,0.003076815170650977
2021-11-17,-0.0026229081297020895
2021-11-18,0.022180789727439938
2021-11-19,0.012580466774284708
2021-11-22,-0.009599035657646604
2021-11-23,-0.003877787969983549
2021-11-24,0.007676169491233007
2021-11-26,-0.011174681085947996
2021-11-29,0.01773197930739185
2021-11-30,-0.0007897976622242382
2021-12-01,-0.007914908999569793
2021-12-02,0.0033381592549913026
2021-12-03,-0.011097534761209433
2021-12-06,-0.0012878027878559907
2021-12-07,0.023357467225343317
2021-12-08,-0.0019255060828572664
2021-12-09,-0.009301125415317753
2021-12-10,0.005952951182874231
2021-12-13,-0.01593138494028766
2021-12-14,-0.004876079573911178
2021-12-15,0.02094865418098181
2021-12-16,-0.022395861156792037
2021-12-17,-0.00459936296654148
2021-12-20,-0.004162764071214427
2021-12-21,0.01496437940005404
2021-12-22,0.007315709447992157
2021-12-23,0.0019416632482109472
2021-12-27,0.015365888127230602
2021-12-28,-0.005392357521038332
2021-12-29,-0.003538771602333164
2021-12-30,-0.0035134399803595263
2021-12-31,-0.0029364830011969173
2022-01-03,0.004405656962417986
2022-01-04,-0.009608976796694388
2022-01-05,-0.02207904292893314
2022-01-06,0.0001412254155243129
2022-01-07,-0.007854560416417938
2022-01-10,0.0007909569302048136
2022-01-11,0.006878412455525548
2022-01-12,0.002811910763982974
2022-01-13,-0.017410268297761936
2022-01-14,0.0028453289508599006
2022-01-18,-0.0168467917082727
2022-01-19,-0.008023456234083896
2022-01-20,-0.009007145053883135
2022-01-21,-0.00867372332702306
2022-01-24,-0.0014180236211434067
2022-01-25,-0.014674859074206837
2022-01-26,0.004590244134869897
2022-01-27,-0.004691781884891543
2022-01-28,0.022630130753219624
2022-01-31,0.0190403462747908
2022-02-01,-4.161895895283662e-06
2022-02-02,0.00862182250121622
2022-02-03,-0.019827461295064158
2022-02-04,0.0015476350871320734
2022-02-07,0.0011572192741905658
2022-02-08,0.005564710364134608
2022-02-09,0.017087939783351765
2022-02-10,-0.01845999252029637
2022-02-11,-0.017145623022770187
2022-02-14,-0.00010553573911360574
2022-02-15,0.023040078124757054
2022-02-16,0.0004789571781152814
2022-02-17,-0.0207786987605751
2022-02-18,-0.008756051244469215
2022-02-22,-0.005185051440480214
2022-02-23,-0.018293968330847954
2022-02-24,0.0221908687592742
2022-02-25,0.0069830630803114305
2022-02-28,0.006640230895899646
2022-03-01,-0.008031878218241775
2022-03-02,0.005179788333165467
2022-03-03,-0.003925792646892508
2022-03-04,-0.0099849298119419
2022-03-07,-0.02463534744976572
2022-03-08,-0.004042489173144433
2022-03-09,0.0234532909358346
2022-03-10,-0.011177525890761427
2022-03-11,-0.01128449507294771
2022-03-14,-0.01737785160955737
2022-03-15,0.02551945401515252
2022-03-16,0.021530023028404212
2022-03-17,0.003965965230693433
2022-03-18,0.02046954038695479
2022-03-21,-0.002524420542518435
2022-03-22,0.002222802497826105
2022-03-23,-0.0049910751099660625
2022-03-24,0.024278336538030465
2022-03-25,-0.007517685373043685
2022-03-28,0.008984195427772693
2022-03-29,0.010173816461921305
2022-03-30,-0.007166472912321738
2022-03-31,-0.007366325022685152
2022-04-01,-0.005162475792275497
2022-04-04,0.01100990894029165
2022-04-05,-0.020208117409048876
2022-04-06,-0.02069251539559793
2022-04-07,-0.0016606425323123708
2022-04-08,-0.015446178969547879
2022-04-11,-0.02155723105442158
2022-04-12,-0.00177073319139865
2022-04-13,0.012004763544395648
2022-04-14,-0.019946092721411852
2022-04-18,0.0033519542808684343
2022-04-19,0.0047423280663804745
2022-04-20,-0.0028407033218553293
2022-04-21,-0.01806099559878948
2022-04-22,-0.014458451832422397
2022-04-25,0.011337478704183801
2022-04-26,-0.020037463137163713
2022-04-27,0.00016789165183673724
2022-04-28,0.024180185447757758
2022-04-29,-0.026717589493310073
2022-05-02,0.011379860884988706
2022-05-03,0.002204671673814052
2022-05-04,0.02058443776101654
2022-05-05,-0.03361406661798352
2022-05-06,-0.004507274709828668
2022-05-09,-0.025658447086465353
2022-05-10,0.013868561979586753
2022-05-11,-0.020999992486807055
2022-05-12,-0.010916894950507381
2022-05-13,0.024575307402336707
2022-05-16,-0.005564302791555134
2022-05-17,0.0137785166215994
2022-05-18,-0.025462780557583956
2022-05-19,-0.0007961671010665774
2022-05-20,-0.0034664921697142707
2022-05-23,0.010519241693324162
2022-05-24,-0.007858725437398054
2022-05-25,0.013874866727665821
2022-05-26,0.014834008698553725
2022-05-27,0.021764450193962878
2022-05-31,-0.005904472686301819
2022-06-01,-0.006007814755757049
2022-06-02,0.01787452824240762
2022-06-03,-0.017457568971136938
2022-06-06,-0.002219044791829906
2022-06-07,0.0076484065393524515
2022-06-08,-0.006755335827011507
2022-06-09,-0.015061080955917084
2022-06-10,-0.027669851387590764
2022-06-13,-0.03513493747170319
2022-06-14,0.0016975322913838858
2022-06-15,0.021469548919489625
2022-06-16,-0.019322927675706585
2022-06-17,0.00693902860324013
2022-06-21,0.014166492771136616
2022-06-22,0.0009807192237179284
2022-06-23,0.006907974622307958
2022-06-24,0.018036611807209214
2022-06-27,-0.006852130894921826
2022-06-28,-0.018627128401535145
2022-06-29,0.001289315453575972
2022-06-30,-0.006998833923910453
2022-07-01,-0.00048243385333573106
2022-07-05,0.011367063042000067
2022-07-06,0.0020428593570072317
2022-07-07,0.012752367735558802
2022-07-08,-0.0016500814561786902
2022-07-11,-0.010363791864279579
2022-07-12,-0.004129152508681611
2022-07-13,0.0019264376771510293
2022-07-14,0.004774848796651442
2022-07-15,0.00996834180551777
2022-07-18,-0.001549257116274327
2022-07-19,0.01721491961599938
2022-07-20,0.012443311587099267
2022-07-21,0.010532216308010305
2022-07-22,-0.0071245181667596875
2022-07-25,-0.007172865766420223
2022-07-26,-0.010290877767492919
2022-07-27,0.030105924061885996
2022-07-28,0.009932471416677042
2022-07-29,0.008390092273892945
2022-08-01,0.0032262130479616515
2022-08-02,-0.007212220422343704
2022-08-03,0.015728197044124436
2022-08-04,0.004956805761866344
2022-08-05,-0.00885008555331476
2022-08-08,-0.0118391021504353
2022-08-09,-0.008210352777712709
2022-08-10,0.02022355555142331
2022-08-11,-0.006261926525390339
2022-08-12,0.016290510156351124
2022-08-15,0.005615239974739034
2022-08-16,-0.002759992888661242
2022-08-17,-0.007912110586863086
2022-08-18,0.004929493554546501
2022-08-19,-0.017155885549134595
2022-08-22,-0.018603257529429325
2022-08-23,0.0006323955493327028
2022-08-24,-0.0008810442136162539
2022-08-25,0.01451670086953194
2022-08-26,-0.029939409507951535
2022-08-29,-0.011396535752718102
2022-08-30,-0.007130040851182221
2022-08-31,-0.009309248714340787
2022-09-01,-0.018036206866384744
2022-09-02,-0.006913807536379688
2022-09-06,-0.01001439656705011
2022-09-07,0.011322273997557258
2022-09-08,0.001179433101060401
2022-09-09,0.011129289096749661
2022-09-12,0.007732025590879131
2022-09-13,-0.03717641727382725
2022-09-14,0.0021284136352240778
2022-09-15,-0.010802301986850997
2022-09-16,0.001646879181372142
2022-09-19,0.006033318775608216
2022-09-20,-0.004423867100371929
2022-09-21,-0.0020568404494780987
2022-09-22,-0.015875055318805172
2022-09-23,-0.006001679839506734
2022-09-26,-0.011254701154915461
2022-09-27,0.0011564207729570135
2022-09-28,0.01399635736554974
2022-09-29,-0.01994395285982017
2022-09-30,-0.00944601847757224
2022-10-03,0.018162516153399283
2022-10-04,0.019826917278346963
2022-10-05,-0.0016794805078670658
2022-10-06,-0.0053724824509906715
2022-10-07,-0.030604371996648828
2022-10-10,-0.01143103564300794
2022-10-11,-0.004903894412611022
2022-10-12,-0.0013779760002881804
2022-10-13,0.01581965076504574
2022-10-14,-0.022621768365157603
2022-10-17,0.022139108869002524
2022-10-18,0.004431341205304956
2022-10-19,-0.0038732934424007687
2022-10-20,-0.0018262329297424685
2022-10-21,0.012540180309641043
2022-10-24,0.006220187310505089
2022-10-25,0.02011957933992313
2022-10-26,-0.01595307520776122
2022-10-27,0.00014903588740975207
2022-10-28,0.025165051474315914
2022-10-31,-0.010788980401360025
2022-11-01,-0.0034900350363909942
2022-11-02,-0.015560637642404541
2022-11-03,-0.008555014425559372
2022-11-04,0.015002463986736943
2022-11-07,0.004250749708549377
2022-11-08,0.00772981170624611
2022-11-09,-0.01786797722757257
2022-11-10,0.06305788442613203
2022-11-11,0.012315417753434327
2022-11-14,-0.006302282269524316
2022-11-15,0.010230330884161568
2022-11-16,-0.007086022488569436
2022-11-17,-0.0032323011192189645
2022-11-18,-0.00398442777140766
2022-11-21,-0.003973328003937359
2022-11-22,0.015858949315968
2022-11-23,0.011401425423462761
2022-11-25,-0.005964118181545888
2022-11-28,-0.012886728557662338
2022-11-29,-0.00821069863434144
2022-11-30,0.035480941843928415
2022-12-01,0.006960585627332504
2022-12-02,-0.001206954551037379
2022-12-05,-0.010857817059194221
2022-12-06,-0.012070535752103134
2022-12-07,0.0038522257745672223
2022-12-08,0.014886317336527104
2022-12-09,-0.006547516078065494
2022-12-12,0.012333574259580923
2022-12-13,0.012918268943183077
2022-12-14,-0.0052788224297690475
2022-12-15,-0.018818814368168013
2022-12-16,-0.01017995206962032
2022-12-19,-0.011498133264608012
2022-12-20,-0.0049112231126873206
2022-12-21,0.011295844369809002
2022-12-22,-0.020894126339866936
2022-12-23,-0.00475355470654688
2022-12-27,-0.021349452225182267
2022-12-28,-0.0077586475910402155
2022-12-29,0.01771924042640767
2022-12-30,-0.0022902201446477425
2023-01-03,-0.006972580690791971
2023-01-04,0.005126452396153859
2023-01-05,-0.012429032212202568
2023-01-06,0.02106806425946045
2023-01-09,0.013627724157370253
2023-01-10,0.003139424967397658
2023-01-11,0.010862647357395632
2023-01-12,0.011827926045078154
2023-01-13,0.004808437718506064
2023-01-17,0.010691680497099953
2023-01-18,-0.0019831765815053162
2023-01-19,-0.010110308268584244
2023-01-20,0.017811764494544823
2023-01-23,0.018630635388223255
2023-01-24,0.004314735937563419
2023-01-25,-0.00019163763486768277
2023-01-26,0.010003971161874618
2023-01-27,0.007234456782534204
2023-01-30,-0.019043363634246642
2023-01-31,0.010306143123590728
2023-02-01,0.020208714361040492
2023-02-02,0.019022999974869708
2023-02-03,-0.009628418059120816
2023-02-06,-0.006797988081271692
2023-02-07,0.01768304254442605
2023-02-08,-0.0017759351112056243
2023-02-09,-0.0034376190323084487
2023-02-10,-0.011732835134467937
2023-02-13,0.01305838641738481
2023-02-14,0.00884545739155561
2023-02-15,-0.001906317279730235
2023-02-16,-0.013606934045104834
2023-02-17,-0.007493806557637818
2023-02-21,-0.017998723251100607
2023-02-22,0.0019881914257625253
2023-02-23,0.03210743629669707
2023-02-24,-0.01150133720924175
2023-02-27,0.004422099891095957
2023-02-28,-0.0031633496407394253
2023-03-01,-0.012471150284369488
2023-03-02,0.007401956772090939
2023-03-03,0.016281959382174933
2023-03-06,-0.0005485583795930248
2023-03-07,-0.006283869779414956
2023-03-08,0.008258338660986776
2023-03-09,-0.007292251082660349
2023-03-10,-0.0016200524096111907
2023-03-13,0.008854058622762184
2023-03-14,0.01172947478524511
2023-03-15,0.009417581020850604
2023-03-16,0.016185133401676113
2023-03-17,0.005910605371342901
2023-03-20,-0.0018516455981322825
2023-03-21,0.003356088733826572
2023-03-22,0.004709185776422483
2023-03-23,0.010180815401629885
2023-03-24,0.0005696999186280975
2023-03-27,-0.011009037646272247
2023-03-28,-0.0029547473120010853
2023-03-29,0.010252390832865737
2023-03-30,0.006722885471733773
2023-03-31,0.009792580077686153
2023-04-03,0.002956616981956867
2023-04-04,-0.0020327076329466672
2023-04-05,-0.005664111350157015
2023-04-06,0.005025703708907662
2023-04-10,-0.002830164312006776
2023-04-11,-0.006719782473095024
2023-04-12,-0.00475432467578632
2023-04-13,0.0073157705672249355
2023-04-14,-0.0020238125713394413
2023-04-17,0.00014708863136788449
2023-04-18,0.006651565802416596
2023-04-19,0.002258276864868285
2023-04-20,-0.005511227080535315
2023-04-21,-0.002417771931647842
2023-04-24,4.191927985808892e-05
2023-04-25,-0.006720751924026232
2023-04-26,0.012658369877917993
2023-04-27,0.007931588865664224
2023-04-28,0.008891235106920425
2023-05-01,0.0009324449750252282
2023-05-02,-0.0006429245002998402
2023-05-03,-0.002059236250844817
2023-05-04,-0.003489968857028722
2023-05-05,0.01529062539442933
2023-05-08,-7.099745801587756e-05
2023-05-09,-0.006700592194763632
2023-05-10,0.009128411055857346
2023-05-11,-0.0011303787199311516
2023-05-12,-0.005702395655217985
2023-05-15,0.002743698933742467
2023-05-16,0.0014304026236322774
2023-05-17,0.007399662488286953
2023-05-18,0.011622320607659891
2023-05-19,-0.004042460900604838
2023-05-22,-0.0004042806302335534
2023-05-23,-0.007317368930275872
2023-05-24,-0.0027487616131970606
2023-05-25,0.052673955926422704
2023-05-26,0.010509830753038841
2023-05-30,0.010437877463237207
2023-05-31,-0.010746097806543307
2023-06-01,0.014290312429529793
2023-06-02,-0.003423070001385206
2023-06-05,-0.0016399882950399105
2023-06-06,-0.003065766398184154
2023-06-07,-0.014066008040922371
2023-06-08,0.011168322400940454
2023-06-09,0.001175012762038206
2023-06-12,0.00901703892724149
2023-06-13,0.006031835261962394
2023-06-14,0.01174017543109373
2023-06-15,0.007312832360687343
2023-06-16,-0.003911888215968316
2023-06-20,0.004472799050206586
2023-06-21,-0.005122447491575198
2023-06-22,0.002128124443700484
2023-06-23,-0.004256016280093766
2023-06-26,-0.01034659519829214
2023-06-27,0.009619761551097561
2023-06-28,-0.0005538268558758432
2023-06-29,-0.005439540297885041
2023-06-30,0.014548158695496421
2023-07-03,-0.004387099920972439
2023-07-05,-0.0034476625087483176
2023-07-06,-0.0028560519935190505
2023-07-07,-0.0007430810116107413
2023-07-10,-0.0032852153445297196
2023-07-11,0.00199673922994065
2023-07-12,0.014357472743993207
2023-07-13,0.015293319203392719
2023-07-14,-0.003612191859677618
2023-07-17,0.007687326974675327
2023-07-18,0.009884033063112405
2023-07-19,-0.001014658054401407
2023-07-20,-0.013467717298197186
2023-07-21,-0.00699736755022858
2023-07-24,0.0016118876368375538
2023-07-25,0.007006398172801622
2023-07-26,-0.0032822796540473154
2023-07-27,-0.0061025995767255295
2023-07-28,0.010429268401082435
2023-07-31,0.000419203991400978
2023-08-01,-0.006086931994298765
2023-08-02,-0.016902344465585514
2023-08-03,-0.003529290423596399
2023-08-04,-0.0015591220932864138
2023-08-07,0.0008340369180439263
2023-08-08,-0.0021605468966202175
2023-08-09,-0.012107614942781501
2023-08-10,-0.0036256746454908194
2023-08-11,-0.009636324692893624
2023-08-14,0.016119449727960797
2023-08-15,-0.002826383837519338
2023-08-16,-0.004590768590650734
2023-08-17,-0.004702047717103687
2023-08-18,0.0011685599167361475
2023-08-21,0.017727823477634998
2023-08-22,-0.003475846655180832
2023-08-23,0.01613183357526158
2023-08-24,-0.00761191156856744
2023-08-25,-0.0018208748057916891
2023-08-28,0.006107369343876945
2023-08-29,0.016637718871083364
2023-08-30,0.004730224450030266
2023-08-31,0.0010356859010406578
2023-09-01,-0.005805151145534428
2023-09-05,-0.0006769026483097022
2023-09-06,-0.012262618178855874
2023-09-07,-0.007144923995174224
2023-09-08,-0.0005820299307859943
2023-09-11,-0.00019862409841275353
2023-09-12,-0.005797791039623806
2023-09-13,0.003426664465145061
2023-09-14,0.0018139000943129934
2023-09-15,-0.012174816763375687
2023-09-18,0.0029211303548289384
2023-09-19,-0.002426214286467331
2023-09-20,-0.012522443716292384
2023-09-21,-0.010876980913752811
2023-09-22,0.0048191126603553455
2023-09-25,0.00036015540148407084
2023-09-26,-0.007587165305857688
2023-09-27,-0.00027558923132759263
2023-09-28,0.0048552487131980175
2023-09-29,0.0029734943448095014
2023-10-02,0.005440060191066026
2023-10-03,-0.014343671369517634
2023-10-04,0.00917031204137202
2023-10-05,0.004550382049453727
2023-10-06,0.00802788250461314
2023-10-09,0.005446389388688765
2023-10-10,0.0007568944066505725
2023-10-11,0.009541471892521395
2023-10-12,-0.0036626711690410925
2023-10-13,-0.006713549674455387
2023-10-16,0.0018298379381218833
2023-10-17,-0.01436412848779246
2023-10-18,-0.012037302281984193
2023-10-19,-0.002625348090540696
2023-10-20,-0.005429677310576971
2023-10-23,0.010849533984783138
2023-10-24,0.0058120827352461735
2023-10-25,-0.01079188781542261
2023-10-26,-0.011744692519652968
2023-10-27,0.002734367754995975
2023-10-30,0.006668779968615896
2023-10-31,-0.001296364557130902
2023-11-01,0.016842417470557973
2023-11-02,0.012479171545515323
2023-11-03,0.01089695181383806
2023-11-06,0.004538954868401497
2023-11-07,0.0070856748086610116
2023-11-08,0.006152562898760809
2023-11-09,-0.0035405733954661446
2023-11-10,0.013439794739375167
2023-11-13,-0.0012496391592796325
2023-11-14,0.014034241137236872
2023-11-15,-0.005512748791440415
2023-11-16,0.009116165247321112
2023-11-17,-0.002106091843863788
2023-11-20,0.00919881421565602
2023-11-21,-0.0031760690715882545
2023-11-22,-0.002361066520667965
2023-11-24,-0.007567443155141984
2023-11-27,0.005415525042824527
2023-11-28,0.0023023417294881013
2023-11-29,0.0020146075992061203
2023-11-30,-0.00692204110192919
2023-12-01,0.002333858125312257
2023-12-04,-0.010694945235675346
2023-12-05,0.012313354566208096
2023-12-06,-0.005127155999655648
2023-12-07,0.006895078126949858
2023-12-08,0.0035603828119262
2023-12-11,-0.006487538096866323
2023-12-12,0.008138070531615041
2023-12-13,0.011004715852352041
2023-12-14,0.002357515480923454
2023-12-15,0.002685671753504564
2023-12-18,0.0031792542896272096
2023-12-19,0.00011129175238813911
2023-12-20,-0.006777961886409817
2023-12-21,0.004461619589269509
2023-12-22,-0.0029882970296862196
2023-12-26,0.0019526253226588666
2023-12-27,0.0038130378763616543
2023-12-28,-8.948334912308581e-05
2023-12-29,-0.0017978082839492117
2024-01-02,-0.014711134694426144
2024-01-03,-0.003257489551544325
2024-01-04,-0.003375878275651836
2024-01-05,0.002379065034480125
2024-01-08,0.021132322616732674
2024-01-09,0.003362357198507803
2024-01-10,0.006785604596822704
2024-01-11,0.0046153721076240654
2024-01-12,0.0021426576030704816
2024-01-16,0.0011902860059289557
2024-01-17,-0.003419462112550632
2024-01-18,0.009272877830915866
2024-01-19,0.012186595504251897
2024-01-22,0.002540231485793715
2024-01-23,0.0012427673498712115
2024-01-24,0.0045274547817898475
2024-01-25,0.0037336586659151546
2024-01-26,-0.004288273500381192
2024-01-29,0.0080719630731602
2024-01-30,-0.001262247707611983
2024-01-31,-0.007978082272451965
2024-02-01,0.010458174491526105
2024-02-02,0.006746417973971969
2024-02-05,0.005186500609565663
2024-02-06,0.0004944055080114405
2024-02-07,0.007221720975790317
2024-02-08,-0.003557818582903595
2024-02-09,0.00931940816378245
2024-02-12,-0.00243681901994775
2024-02-13,-0.00927523307564981
2024-02-14,0.007401900931274281
2024-02-15,-0.0030320474866175878
2024-02-16,-0.0038167322638162702
2024-02-20,-0.009067319376943135
2024-02-21,-0.006744634587080196
2024-02-22,0.0376938219712207
2024-02-23,0.0007345804983995334
2024-02-26,-0.002203450134829364
2024-02-27,-0.0006136779028520057
2024-02-28,-0.002377961760664422
2024-02-29,0.005883850103463857
2024-03-01,0.008422880849854689
2024-03-04,0.002038725902952599
2024-03-05,-0.003333436121631526
2024-03-06,0.0062789311193653385
2024-03-07,0.011922903664613625
2024-03-08,-0.009989676430697947
2024-03-11,-0.003005279810757688
2024-03-12,0.01652119457320283
2024-03-13,-0.004988039763457891
2024-03-14,-0.004953312257866822
2024-03-15,-0.0034482438389892255
2024-03-18,0.0019656166254483696
2024-03-19,0.006760631065782851
2024-03-20,0.006441137240383955
2024-03-21,-0.0020305767998458468
2024-03-22,0.008605959666106649
2024-03-25,-0.0024409508639526125
2024-03-26,-0.006058375610905369
2024-03-27,-0.00011529511122447111
2024-03-28,-0.002187758593686772
2024-04-01,-0.005239469913173782
2024-04-02,-0.004564612052005432
2024-04-03,-0.0003106879582642813
2024-04-04,-0.007278964494482563
2024-04-05,0.005223680523401919
2024-04-08,-0.00367034865878277
2024-04-09,-0.0006327463793900675
2024-04-10,-0.0047312478939825955
2024-04-11,0.016013107638330127
2024-04-12,-0.004673174225375019
2024-04-15,-0.014121568212707259
2024-04-16,-0.0005960967079279983
2024-04-17,-0.007241919768814321
2024-04-18,-0.0030362335510730563
2024-04-19,-0.02283829191089746
2024-04-22,0.01034105670028187
2024-04-23,0.011292644735925101
2024-04-24,-0.005676967736756984
2024-04-25,0.003643919511738654
2024-04-26,0.015337004355827431
2024-04-29,0.0040310267691742166
2024-04-30,-0.01181580791868554
2024-05-01,-0.006589845004211101
2024-05-02,0.012960627765065347
2024-05-03,0.02122679098505515
2024-05-06,0.008847611982269694
2024-05-07,-0.0031248954227033714
2024-05-08,-0.0009230406453429598
2024-05-09,-0.0002658448355304971
2024-05-10,0.0007952777063213641
2024-05-13,0.003908567105416309
2024-05-14,0.005439598191200756
2024-05-15,0.014555916577097032
2024-05-16,-0.001973594523145235
2024-05-17,-0.005519243842719077
2024-05-20,0.006909901303146971
2024-05-21,0.004483676794418297
2024-05-22,-0.002259409133443546
2024-05-23,0.0130006256285709
2024-05-24,0.00912186103604963
2024-05-28,0.011544472719710831
2024-05-29,-0.00039444646454996415
2024-05-30,-0.00869565236123038
2024-05-31,0.0012267054958010123
2024-06-03,0.012019259095357417
2024-06-04,0.005497797827157121
2024-06-05,0.015337721279993218
2024-06-06,-0.003187045310499276
2024-06-07,-0.0027733285724610085
2024-06-10,-0.0009580530334731875
2024-06-11,0.012849616623922745
2024-06-12,0.016172043723406054
2024-06-13,0.010352486720654737
2024-06-14,0.0033814989881949
2024-06-17,0.0012219605677066987
2024-06-18,0.006666404413536764
2024-06-20,-0.011470057582520581
2024-06-21,-0.006707725432970444
2024-06-24,-0.013226689834971933
2024-06-25,0.015405282818500881
2024-06-26,0.001317240726128995
2024-06-27,-0.002093856035111434
2024-06-28,-0.007232734466255752
2024-07-01,0.0038840409858664597
2024-07-02,0.0020227955343769047
2024-07-03,0.013441870512573714
2024-07-05,0.0036225366989184747
2024-07-08,0.004389096958183729
2024-07-09,0.003516157078966065
2024-07-10,0.010425995912450085
2024-07-11,-0.015067531685814838
2024-07-12,0.005883152978733975
2024-07-15,-0.0003115343577117549
2024-07-16,-0.002175572357769843
2024-07-17,-0.018177951181539156
2024-07-18,-2.6754863076036348e-05
2024-07-19,-0.007442560190480791
2024-07-22,0.010750213996824933
2024-07-23,-0.00023377229105617865
2024-07-24,-0.023890108965734104
2024-07-25,-0.006062859980786194
2024-07-26,0.005866265726842224
2024-07-29,-0.0013373614478995135
2024-07-30,-0.014201808426340405
2024-07-31,0.029424548773278478
2024-08-01,-0.01586441861989318
2024-08-02,0.0008886708400902363
2024-08-05,-0.02444260583839447
2024-08-06,0.0042922322902350036
2024-08-07,-0.01007010484384749
2024-08-08,0.015288086823922156
2024-08-09,0.004506268429106721
2024-08-12,0.01039303324439482
2024-08-13,0.01983636677554002
2024-08-14,0.005502421628113673
2024-08-15,0.009395466488227087
2024-08-16,0.004057935106803516
2024-08-19,0.010167828363900037
2024-08-20,-0.001305837294373174
2024-08-21,0.002833420007782578
2024-08-22,-0.013292121333632084
2024-08-23,0.013349688114644244
2024-08-26,-0.005840194582116453
2024-08-27,0.003575279867903672
2024-08-28,-0.006531684737172864
2024-08-29,-0.010650171412912421
2024-08-30,0.0026814877930091425
2024-09-03,-0.024780392831459615
2024-09-04,-0.0024266697028581335
2024-09-05,0.004023921483022082
2024-09-06,-0.01064083829408042
2024-09-09,0.009108070579501333
2024-09-10,0.006897488871452701
2024-09-11,0.0204320351776342
2024-09-12,0.004524187990100097
2024-09-13,0.0019233442851354944
2024-09-16,-0.006396978478467626
2024-09-17,-0.0013134482401293986
2024-09-18,-0.004039782000910512
2024-09-19,0.015722237261022988
2024-09-20,-0.004656617211581498
2024-09-23,-0.0015265849414413215
2024-09-24,0.007913936389033177
2024-09-25,0.002623741241446836
2024-09-26,0.001379417434639992
2024-09-27,-0.0034973895169681623
2024-09-30,0.0029237553411174274
2024-10-01,-0.014427440081599418
2024-10-02,0.0015024902029321858
2024-10-03,0.003525864237445128
2024-10-04,0.0005141256267500922
2024-10-07,-0.0023606032159733514
2024-10-08,0.01319574144348954
2024-10-09,0.0015130295499014912
2024-10-10,0.0022423824382003348
2024-10-11,-0.0007614056488077427
2024-10-14,0.007787301539763772
2024-10-15,-0.00580891494633399
2024-10-16,0.0048952878165590226
2024-10-17,-0.0003540504826847681
2024-10-18,0.0040974717801247566
2024-10-21,0.0058424776694611285
2024-10-22,0.0022653636462594087
2024-10-23,-0.01096546140904795
2024-10-24,0.0020013035379197897
2024-10-25,0.0020799688324846994
2024-10-28,-0.0012764866400329815
2024-10-29,0.0032152183468226406
2024-10-30,-0.005312669966010451
2024-10-31,-0.01978492282035456
2024-11-01,-0.0004651385687785125
2024-11-04,0.0019340576207302709
2024-11-05,0.008863810373094047
2024-11-06,0.006002051524125047
2024-11-07,0.013150415394757534
2024-11-08,-0.0016959114591174303
2024-11-11,-0.007344886669586208
2024-11-12,0.002504226342795602
2024-11-13,-0.001720056862063758
2024-11-14,0.00305840497211774
2024-11-15,-0.011948934074616224
2024-11-18,0.0001391219476427905
2024-11-19,0.011532408715768338
2024-11-20,-0.0023283038943572613
2024-11-21,-6.775112499038437e-05
2024-11-22,-0.004108120404681965
2024-11-25,-0.0010435849967620897
2024-11-26,0.004527497644588026
2024-11-27,-0.002413941179909349
2024-11-29,0.007896627850041317
2024-12-02,0.002890209253495252
2024-12-03,0.003089473378204095
2024-12-04,0.010792625406604561
2024-12-05,0.0014788339763334814
2024-12-06,-0.0020401308933646976
2024-12-09,-0.00360820254432109
2024-12-10,-0.006115430630299621
2024-12-11,0.005974226262849401
2024-12-12,-0.00387858262942096
2024-12-13,-0.007138374596964294
2024-12-16,0.00016236594124017806
2024-12-17,-0.00014014521519296321
2024-12-18,-0.014262753202255115
2024-12-19,0.0022267154117538586
2024-12-20,0.010434212391666508
2024-12-23,0.005783376033335063
2024-12-24,0.0027060388803242567
2024-12-26,7.519769632789356e-05
2024-12-27,-0.009401623510280276
2024-12-30,-0.0008578251965025134
2024-12-31,-0.007565107460061412
2025-01-02,0.001473676048806112
2025-01-03,0.009393922737135782
2025-01-06,0.008691994834527362
2025-01-07,-0.01757846545128402
2025-01-08,0.0014930351622202624
2025-01-10,-0.013944367843111087
2025-01-13,-0.006523800128037898
2025-01-14,-0.003003139984845327
2025-01-15,0.017138211340210773
2025-01-16,-0.00938178420027998
2025-01-17,0.008782041554572422
2025-01-21,0.0012041222512197826
2025-01-22,0.01373730800235017
2025-01-23,-0.0005698548408061033
2025-01-24,-0.006559347480190177
2025-01-27,-0.029200641530560192
2025-01-28,0.026635334430420383
2025-01-29,-0.009188084799695734
2025-01-30,-0.006550032951164681
2025-01-31,-0.00905910105336377
2025-02-03,-0.013182118732240896
2025-02-04,0.007695396965511128
2025-02-05,0.013204902135213347
2025-02-06,0.006842795866318054
2025-02-07,-0.005159054354342945
2025-02-10,0.006831784677471217
2025-02-11,0.0009629556762771594
2025-02-12,-0.003230373457852433
2025-02-13,0.012861002482893272
2025-02-14,0.008186509820475958
2025-02-18,-0.0008754403923876885
2025-02-19,0.0022914621223198883
2025-02-20,0.0029113151980518477
2025-02-21,-0.008381034187718536
2025-02-24,-0.005738740880978981
2025-02-25,-0.004255352003013776
2025-02-26,0.004725685798852672
2025-02-27,-0.021769704911354316
2025-02-28,0.014431450546727672
2025-03-03,-0.02278541994552371
2025-03-04,0.0006223505938425687
2025-03-05,0.004269081678561606
2025-03-06,-0.013474567848055431
2025-03-07,0.004488735837639737
2025-03-10,-0.019048083962781327
2025-03-11,-0.0028974767654688055
2025-03-12,0.010122015524487032
2025-03-13,-0.005129723654858538
2025-03-14,0.015179954093279215
2025-03-17,-0.00240455194013078
2025-03-18,-0.008867864395372757
2025-03-19,0.008387255642404307
2025-03-20,0.0008388499371653593
2025-03-21,0.0024738264381230822
2025-03-24,0.006265908924768313
2025-03-25,0.002145339564498203
2025-03-26,-0.015768954886727537
2025-03-27,-0.0025773308983312463
2025-03-28,-0.007829965769915582
2025-03-31,0.00032226366927342025
2025-04-01,0.00617053372022874
2025-04-02,0.0005083106500663186
2025-04-03,-0.0295416640275592
2025-04-04,-0.029539084614635204
2025-04-07,-0.005394049445479572
2025-04-08,-0.014302951549641837
2025-04-09,0.07408731109954783
2025-04-10,-0.025246963596814543
2025-04-11,0.014004708885478289
2025-04-14,0.005656554139411508
2025-04-15,0.0030585966626382214
2025-04-16,-0.0226520054813424
2025-04-17,-0.00613664948031014
2025-04-21,-0.017754321952709227
2025-04-22,0.012759021007886333
2025-04-23,0.015009984242042466
2025-04-24,0.017269955715039205
2025-04-25,0.012471270656799961
2025-04-28,-0.002432870840895116
2025-04-29,0.003571811445215538
2025-04-30,0.000748127836523185
2025-05-01,0.01189566064925772
2025-05-02,-2.8643352542111894e-05
2025-05-05,-0.006311047361449667
2025-05-06,-0.00043403260134894416
2025-05-07,0.005554732858559688
2025-05-08,3.6929290321990296e-05
2025-05-09,0.00014489000626114997
2025-05-12,0.021225732435405487
2025-05-13,0.012540657696153949
2025-05-14,0.007163494063772084
2025-05-15,0.001536054467319746
2025-05-16,0.0013923859852406203
2025-05-19,-0.0003642016194588186
2025-05-20,-0.004254681636517217
2025-05-21,-0.012062051225457223
2025-05-22,0.0031299923877674734
2025-05-23,-0.007277609746765365
2025-05-27,0.015565615498179065
2025-05-28,-0.002930720006857946
2025-05-29,0.008417658507191365
2025-05-30,-0.0037070215774268455
2025-06-02,0.0015042928081106064
2025-06-03,0.006440968892486984
2025-06-04,0.004187978180835458
2025-06-05,-0.0043095126288329256
2025-06-06,0.002756967394960145
2025-06-09,0.0009643329963320486
2025-06-10,0.0033002831798783563
2025-06-11,-0.0022881607085465535
2025-06-12,0.006966347348798965
2025-06-13,-0.009126724504737362
2025-06-16,0.005407859848782287
2025-06-17,-0.0014784536531345705
2025-06-18,0.0034662193873898945
2025-06-20,0.0007019985567441119
2025-06-23,0.004365771497515692
2025-06-24,0.006947374450718663
2025-06-25,0.01031042563702675
2025-06-26,0.00333535052260701
2025-06-27,0.0019906698679844756
2025-06-30,0.0057659131121095926
2025-07-01,-0.007460576119525294
2025-07-02,0.007632710931234308
2025-07-03,0.004114081804819392
2025-07-07,-0.0058867826687080075
2025-07-08,0.0017058266166166355
2025-07-09,0.008235068224452746
2025-07-10,0.0019587889215125567
2025-07-11,-0.0015720477550715836
2025-07-14,-0.002958457578808936
2025-07-15,0.007549275328082787
2025-07-16,0.002495902240093978
2025-07-17,0.0034552590133719186
2025-07-18,0.0005994230071588275
2025-07-21,0.001233906019139396
2025-07-22,-0.004058979499173978
2025-07-23,0.0033956409691025882
2025-07-24,0.003792683220326359
2025-07-25,0.0017983239024593819
2025-07-28,0.0027127654017526665
2025-07-29,-0.0005673796304320451
2025-07-30,0.0015390365409875114
2025-07-31,0.002392919553981989
2025-08-01,-0.007766133554112386
2025-08-04,0.011060539612962566
2025-08-05,-0.0038760947970198655
2025-08-06,0.007737374641815079
2025-08-07,0.005018581703927889
2025-08-08,0.007545644488716533
2025-08-11,-0.0018070201002771363
2025-08-12,0.0046793365704768915
2025-08-13,0.0005424487610113614
2025-08-14,-0.0009178239763394194
2025-08-15,-0.0037533225421387297
2025-08-18,-2.5741923435151394e-05
2025-08-19,-0.007991388779233378
2025-08-20,-0.003826478985919232
2025-08-21,-0.002860968590269842
2025-08-22,0.008725260601419699
2025-08-25,0.00021364709035244902
2025-08-26,0.003677717345474353
2025-08-27,0.0022434859899843323
2025-08-28,0.0011074354400295791
2025-08-29,-0.008294859886431923
2025-09-02,-0.008695756574347851
2025-09-03,0.007223886093975372
2025-09-04,0.0046846362124263845
2025-09-05,-0.0061691686977592905
2025-09-08,0.0029412823854706492
2025-09-09,-0.0002141442335311483
2025-09-10,0.004352704511236913
2025-09-11,0.003222835566889311
2025-09-12,0.004914690634103197
2025-09-15,0.003909635804698807
2025-09-16,-0.0037919682916660886
2025-09-17,-0.005414360210948912
2025-09-18,0.004589104221702444
2025-09-19,0.007768045624821854
2025-09-22,0.012414665009045584
2025-09-23,-0.00681109463226742
2025-09-24,-0.0037076257349825913
2025-09-25,0.0021563283377767
2025-09-26,0.000844068237178427
